    PRAGMA journal_mode=OFF;    PRAGMA count_changes=OFF;    DROP TABLE IF EXISTS files;    DROP TABLE IF EXISTS symbols;    DROP TABLE IF EXISTS mainrows;    DROP TABLE IF EXISTS children;    DROP TABLE IF EXISTS parents;    DROP TABLE IF EXISTS summary;    CREATE TABLE children (        self_id INTEGER CONSTRAINT self_exists REFERENCES mainrows(id),        parent_id INTEGER CONSTRAINT parent_exists REFERENCES mainrows(id),        from_parent_count INTEGER,        from_parent_calls INTEGER,        from_parent_paths INTEGER,        pct REAL    );    CREATE TABLE files (        id,        name TEXT    );    CREATE TABLE mainrows (        id INTEGER PRIMARY KEY,        symbol_id INTEGER CONSTRAINT symbol_id_exists REFERENCES symbols(id),        self_count INTEGER,        cumulative_count INTEGER,        kids INTEGER,        self_calls INTEGER,        total_calls INTEGER,        self_paths INTEGER,        total_paths INTEGER,        pct REAL    );    CREATE TABLE parents (        self_id INTEGER CONSTRAINT self_exists REFERENCES mainrows(id),        child_id INTEGER CONSTRAINT child_exists REFERENCES mainrows(id),        to_child_count INTEGER,        to_child_calls INTEGER,        to_child_paths INTEGER,        pct REAL    );    CREATE TABLE summary (        counter TEXT,        total_count INTEGER,        total_freq INTEGER,        tick_period REAL    );    CREATE TABLE symbols (        id,        name TEXT,        filename_id INTEGER CONSTRAINT file_id_exists REFERENCES files(id)    );    CREATE UNIQUE INDEX fileIndex ON files (id);    CREATE INDEX selfCountIndex ON mainrows(self_count);    CREATE UNIQUE INDEX symbolsIndex ON symbols (id);    CREATE INDEX totalCountIndex ON mainrows(cumulative_count);
INSERT INTO files(id, name) VALUES(10,"root");
INSERT INTO symbols(id, name, filename_id) VALUES (10,"root", 10);
INSERT INTO symbols(id, name, filename_id) VALUES (11,"DQM", 10);
INSERT INTO symbols(id, name, filename_id) VALUES (12,"TimerService", 11);
INSERT INTO symbols(id, name, filename_id) VALUES (13,"Paths", 12);
INSERT INTO symbols(id, name, filename_id) VALUES (14,"DT", 10);
INSERT INTO symbols(id, name, filename_id) VALUES (15,"00-DataIntegrity", 14);
INSERT INTO symbols(id, name, filename_id) VALUES (16,"FED770", 15);
INSERT INTO symbols(id, name, filename_id) VALUES (17,"ROS1", 16);
INSERT INTO symbols(id, name, filename_id) VALUES (18,"ROS10", 16);
INSERT INTO symbols(id, name, filename_id) VALUES (19,"ROS11", 16);
INSERT INTO symbols(id, name, filename_id) VALUES (20,"ROS12", 16);
INSERT INTO symbols(id, name, filename_id) VALUES (21,"ROS2", 16);
INSERT INTO symbols(id, name, filename_id) VALUES (22,"ROS3", 16);
INSERT INTO symbols(id, name, filename_id) VALUES (23,"ROS4", 16);
INSERT INTO symbols(id, name, filename_id) VALUES (24,"ROS5", 16);
INSERT INTO symbols(id, name, filename_id) VALUES (25,"ROS6", 16);
INSERT INTO symbols(id, name, filename_id) VALUES (26,"ROS7", 16);
INSERT INTO symbols(id, name, filename_id) VALUES (27,"ROS8", 16);
INSERT INTO symbols(id, name, filename_id) VALUES (28,"ROS9", 16);
INSERT INTO symbols(id, name, filename_id) VALUES (29,"FED771", 15);
INSERT INTO symbols(id, name, filename_id) VALUES (30,"ROS1", 29);
INSERT INTO symbols(id, name, filename_id) VALUES (31,"ROS10", 29);
INSERT INTO symbols(id, name, filename_id) VALUES (32,"ROS11", 29);
INSERT INTO symbols(id, name, filename_id) VALUES (33,"ROS12", 29);
INSERT INTO symbols(id, name, filename_id) VALUES (34,"ROS2", 29);
INSERT INTO symbols(id, name, filename_id) VALUES (35,"ROS3", 29);
INSERT INTO symbols(id, name, filename_id) VALUES (36,"ROS4", 29);
INSERT INTO symbols(id, name, filename_id) VALUES (37,"ROS5", 29);
INSERT INTO symbols(id, name, filename_id) VALUES (38,"ROS6", 29);
INSERT INTO symbols(id, name, filename_id) VALUES (39,"ROS7", 29);
INSERT INTO symbols(id, name, filename_id) VALUES (40,"ROS8", 29);
INSERT INTO symbols(id, name, filename_id) VALUES (41,"ROS9", 29);
INSERT INTO symbols(id, name, filename_id) VALUES (42,"FED772", 15);
INSERT INTO symbols(id, name, filename_id) VALUES (43,"ROS1", 42);
INSERT INTO symbols(id, name, filename_id) VALUES (44,"ROS10", 42);
INSERT INTO symbols(id, name, filename_id) VALUES (45,"ROS11", 42);
INSERT INTO symbols(id, name, filename_id) VALUES (46,"ROS12", 42);
INSERT INTO symbols(id, name, filename_id) VALUES (47,"ROS2", 42);
INSERT INTO symbols(id, name, filename_id) VALUES (48,"ROS3", 42);
INSERT INTO symbols(id, name, filename_id) VALUES (49,"ROS4", 42);
INSERT INTO symbols(id, name, filename_id) VALUES (50,"ROS5", 42);
INSERT INTO symbols(id, name, filename_id) VALUES (51,"ROS6", 42);
INSERT INTO symbols(id, name, filename_id) VALUES (52,"ROS7", 42);
INSERT INTO symbols(id, name, filename_id) VALUES (53,"ROS8", 42);
INSERT INTO symbols(id, name, filename_id) VALUES (54,"ROS9", 42);
INSERT INTO symbols(id, name, filename_id) VALUES (55,"FED773", 15);
INSERT INTO symbols(id, name, filename_id) VALUES (56,"ROS1", 55);
INSERT INTO symbols(id, name, filename_id) VALUES (57,"ROS10", 55);
INSERT INTO symbols(id, name, filename_id) VALUES (58,"ROS11", 55);
INSERT INTO symbols(id, name, filename_id) VALUES (59,"ROS12", 55);
INSERT INTO symbols(id, name, filename_id) VALUES (60,"ROS2", 55);
INSERT INTO symbols(id, name, filename_id) VALUES (61,"ROS3", 55);
INSERT INTO symbols(id, name, filename_id) VALUES (62,"ROS4", 55);
INSERT INTO symbols(id, name, filename_id) VALUES (63,"ROS5", 55);
INSERT INTO symbols(id, name, filename_id) VALUES (64,"ROS6", 55);
INSERT INTO symbols(id, name, filename_id) VALUES (65,"ROS7", 55);
INSERT INTO symbols(id, name, filename_id) VALUES (66,"ROS8", 55);
INSERT INTO symbols(id, name, filename_id) VALUES (67,"ROS9", 55);
INSERT INTO symbols(id, name, filename_id) VALUES (68,"FED774", 15);
INSERT INTO symbols(id, name, filename_id) VALUES (69,"ROS1", 68);
INSERT INTO symbols(id, name, filename_id) VALUES (70,"ROS10", 68);
INSERT INTO symbols(id, name, filename_id) VALUES (71,"ROS11", 68);
INSERT INTO symbols(id, name, filename_id) VALUES (72,"ROS12", 68);
INSERT INTO symbols(id, name, filename_id) VALUES (73,"ROS2", 68);
INSERT INTO symbols(id, name, filename_id) VALUES (74,"ROS3", 68);
INSERT INTO symbols(id, name, filename_id) VALUES (75,"ROS4", 68);
INSERT INTO symbols(id, name, filename_id) VALUES (76,"ROS5", 68);
INSERT INTO symbols(id, name, filename_id) VALUES (77,"ROS6", 68);
INSERT INTO symbols(id, name, filename_id) VALUES (78,"ROS7", 68);
INSERT INTO symbols(id, name, filename_id) VALUES (79,"ROS8", 68);
INSERT INTO symbols(id, name, filename_id) VALUES (80,"ROS9", 68);
INSERT INTO symbols(id, name, filename_id) VALUES (81,"FED775", 15);
INSERT INTO symbols(id, name, filename_id) VALUES (82,"ROS1", 81);
INSERT INTO symbols(id, name, filename_id) VALUES (83,"ROS10", 81);
INSERT INTO symbols(id, name, filename_id) VALUES (84,"ROS11", 81);
INSERT INTO symbols(id, name, filename_id) VALUES (85,"ROS12", 81);
INSERT INTO symbols(id, name, filename_id) VALUES (86,"ROS2", 81);
INSERT INTO symbols(id, name, filename_id) VALUES (87,"ROS3", 81);
INSERT INTO symbols(id, name, filename_id) VALUES (88,"ROS4", 81);
INSERT INTO symbols(id, name, filename_id) VALUES (89,"ROS5", 81);
INSERT INTO symbols(id, name, filename_id) VALUES (90,"ROS6", 81);
INSERT INTO symbols(id, name, filename_id) VALUES (91,"ROS7", 81);
INSERT INTO symbols(id, name, filename_id) VALUES (92,"ROS8", 81);
INSERT INTO symbols(id, name, filename_id) VALUES (93,"ROS9", 81);
INSERT INTO symbols(id, name, filename_id) VALUES (94,"FED776", 15);
INSERT INTO symbols(id, name, filename_id) VALUES (95,"ROS1", 94);
INSERT INTO symbols(id, name, filename_id) VALUES (96,"ROS10", 94);
INSERT INTO symbols(id, name, filename_id) VALUES (97,"ROS11", 94);
INSERT INTO symbols(id, name, filename_id) VALUES (98,"ROS12", 94);
INSERT INTO symbols(id, name, filename_id) VALUES (99,"ROS2", 94);
INSERT INTO symbols(id, name, filename_id) VALUES (100,"ROS3", 94);
INSERT INTO symbols(id, name, filename_id) VALUES (101,"ROS4", 94);
INSERT INTO symbols(id, name, filename_id) VALUES (102,"ROS5", 94);
INSERT INTO symbols(id, name, filename_id) VALUES (103,"ROS6", 94);
INSERT INTO symbols(id, name, filename_id) VALUES (104,"ROS7", 94);
INSERT INTO symbols(id, name, filename_id) VALUES (105,"ROS8", 94);
INSERT INTO symbols(id, name, filename_id) VALUES (106,"ROS9", 94);
INSERT INTO symbols(id, name, filename_id) VALUES (107,"FED777", 15);
INSERT INTO symbols(id, name, filename_id) VALUES (108,"ROS1", 107);
INSERT INTO symbols(id, name, filename_id) VALUES (109,"ROS10", 107);
INSERT INTO symbols(id, name, filename_id) VALUES (110,"ROS11", 107);
INSERT INTO symbols(id, name, filename_id) VALUES (111,"ROS12", 107);
INSERT INTO symbols(id, name, filename_id) VALUES (112,"ROS2", 107);
INSERT INTO symbols(id, name, filename_id) VALUES (113,"ROS3", 107);
INSERT INTO symbols(id, name, filename_id) VALUES (114,"ROS4", 107);
INSERT INTO symbols(id, name, filename_id) VALUES (115,"ROS5", 107);
INSERT INTO symbols(id, name, filename_id) VALUES (116,"ROS6", 107);
INSERT INTO symbols(id, name, filename_id) VALUES (117,"ROS7", 107);
INSERT INTO symbols(id, name, filename_id) VALUES (118,"ROS8", 107);
INSERT INTO symbols(id, name, filename_id) VALUES (119,"ROS9", 107);
INSERT INTO symbols(id, name, filename_id) VALUES (120,"FED778", 15);
INSERT INTO symbols(id, name, filename_id) VALUES (121,"ROS1", 120);
INSERT INTO symbols(id, name, filename_id) VALUES (122,"ROS10", 120);
INSERT INTO symbols(id, name, filename_id) VALUES (123,"ROS11", 120);
INSERT INTO symbols(id, name, filename_id) VALUES (124,"ROS12", 120);
INSERT INTO symbols(id, name, filename_id) VALUES (125,"ROS2", 120);
INSERT INTO symbols(id, name, filename_id) VALUES (126,"ROS3", 120);
INSERT INTO symbols(id, name, filename_id) VALUES (127,"ROS4", 120);
INSERT INTO symbols(id, name, filename_id) VALUES (128,"ROS5", 120);
INSERT INTO symbols(id, name, filename_id) VALUES (129,"ROS6", 120);
INSERT INTO symbols(id, name, filename_id) VALUES (130,"ROS7", 120);
INSERT INTO symbols(id, name, filename_id) VALUES (131,"ROS8", 120);
INSERT INTO symbols(id, name, filename_id) VALUES (132,"ROS9", 120);
INSERT INTO symbols(id, name, filename_id) VALUES (133,"FED779", 15);
INSERT INTO symbols(id, name, filename_id) VALUES (134,"ROS1", 133);
INSERT INTO symbols(id, name, filename_id) VALUES (135,"ROS10", 133);
INSERT INTO symbols(id, name, filename_id) VALUES (136,"ROS11", 133);
INSERT INTO symbols(id, name, filename_id) VALUES (137,"ROS12", 133);
INSERT INTO symbols(id, name, filename_id) VALUES (138,"ROS2", 133);
INSERT INTO symbols(id, name, filename_id) VALUES (139,"ROS3", 133);
INSERT INTO symbols(id, name, filename_id) VALUES (140,"ROS4", 133);
INSERT INTO symbols(id, name, filename_id) VALUES (141,"ROS5", 133);
INSERT INTO symbols(id, name, filename_id) VALUES (142,"ROS6", 133);
INSERT INTO symbols(id, name, filename_id) VALUES (143,"ROS7", 133);
INSERT INTO symbols(id, name, filename_id) VALUES (144,"ROS8", 133);
INSERT INTO symbols(id, name, filename_id) VALUES (145,"ROS9", 133);
INSERT INTO symbols(id, name, filename_id) VALUES (146,"EventInfo", 14);
INSERT INTO symbols(id, name, filename_id) VALUES (147,"Counters", 146);
INSERT INTO symbols(id, name, filename_id) VALUES (148,"FEDIntegrity", 14);
INSERT INTO symbols(id, name, filename_id) VALUES (149,"FED", 10);
INSERT INTO symbols(id, name, filename_id) VALUES (150,"EventInfo", 149);
INSERT INTO symbols(id, name, filename_id) VALUES (151,"reportSummaryContents", 150);
INSERT INTO symbols(id, name, filename_id) VALUES (152,"FEDIntegrity", 149);
INSERT INTO symbols(id, name, filename_id) VALUES (153,"HLT", 10);
INSERT INTO symbols(id, name, filename_id) VALUES (154,"EgOffline", 153);
INSERT INTO symbols(id, name, filename_id) VALUES (155,"EventInfo", 153);
INSERT INTO symbols(id, name, filename_id) VALUES (156,"muonQuality", 155);
INSERT INTO symbols(id, name, filename_id) VALUES (157,"reportSummaryContents", 155);
INSERT INTO symbols(id, name, filename_id) VALUES (158,"Info", 10);
INSERT INTO symbols(id, name, filename_id) VALUES (159,"CMSSWInfo", 158);
INSERT INTO symbols(id, name, filename_id) VALUES (160,"EventInfo", 158);
INSERT INTO symbols(id, name, filename_id) VALUES (161,"ProvInfo", 158);
INSERT INTO symbols(id, name, filename_id) VALUES (162,"Pixel", 10);
INSERT INTO symbols(id, name, filename_id) VALUES (163,"AdditionalPixelErrors", 162);
INSERT INTO symbols(id, name, filename_id) VALUES (164,"Barrel", 162);
INSERT INTO symbols(id, name, filename_id) VALUES (165,"Endcap", 162);
INSERT INTO symbols(id, name, filename_id) VALUES (166,"EventInfo", 162);
INSERT INTO symbols(id, name, filename_id) VALUES (167,"reportSummaryContents", 166);
INSERT INTO symbols(id, name, filename_id) VALUES (168,"Tracks", 162);
INSERT INTO symbols(id, name, filename_id) VALUES (169,"Reference", 10);
INSERT INTO symbols(id, name, filename_id) VALUES (170,"Egamma", 169);
INSERT INTO symbols(id, name, filename_id) VALUES (171,"PhotonAnalyzer", 170);
INSERT INTO symbols(id, name, filename_id) VALUES (172,"AllPhotons", 171);
INSERT INTO symbols(id, name, filename_id) VALUES (173,"Et above 0 GeV", 172);
INSERT INTO symbols(id, name, filename_id) VALUES (174,"BackgroundPhotons", 171);
INSERT INTO symbols(id, name, filename_id) VALUES (175,"Et above 0 GeV", 174);
INSERT INTO symbols(id, name, filename_id) VALUES (176,"Efficiencies", 171);
INSERT INTO symbols(id, name, filename_id) VALUES (177,"GoodCandidatePhotons", 171);
INSERT INTO symbols(id, name, filename_id) VALUES (178,"Et above 0 GeV", 177);
INSERT INTO symbols(id, name, filename_id) VALUES (179,"InvMass", 171);
INSERT INTO symbols(id, name, filename_id) VALUES (180,"Physics", 169);
INSERT INTO symbols(id, name, filename_id) VALUES (181,"EwkElecDQM", 180);
INSERT INTO symbols(id, name, filename_id) VALUES (182,"EwkMuDQM", 180);
INSERT INTO symbols(id, name, filename_id) VALUES (183,"SiStrip", 169);
INSERT INTO symbols(id, name, filename_id) VALUES (184,"MechanicalView", 183);
INSERT INTO symbols(id, name, filename_id) VALUES (185,"TEC", 184);
INSERT INTO symbols(id, name, filename_id) VALUES (186,"side_1", 185);
INSERT INTO symbols(id, name, filename_id) VALUES (187,"wheel_1", 186);
INSERT INTO symbols(id, name, filename_id) VALUES (188,"wheel_2", 186);
INSERT INTO symbols(id, name, filename_id) VALUES (189,"wheel_3", 186);
INSERT INTO symbols(id, name, filename_id) VALUES (190,"wheel_4", 186);
INSERT INTO symbols(id, name, filename_id) VALUES (191,"wheel_5", 186);
INSERT INTO symbols(id, name, filename_id) VALUES (192,"wheel_6", 186);
INSERT INTO symbols(id, name, filename_id) VALUES (193,"wheel_7", 186);
INSERT INTO symbols(id, name, filename_id) VALUES (194,"wheel_8", 186);
INSERT INTO symbols(id, name, filename_id) VALUES (195,"wheel_9", 186);
INSERT INTO symbols(id, name, filename_id) VALUES (196,"side_2", 185);
INSERT INTO symbols(id, name, filename_id) VALUES (197,"wheel_1", 196);
INSERT INTO symbols(id, name, filename_id) VALUES (198,"wheel_2", 196);
INSERT INTO symbols(id, name, filename_id) VALUES (199,"wheel_3", 196);
INSERT INTO symbols(id, name, filename_id) VALUES (200,"wheel_4", 196);
INSERT INTO symbols(id, name, filename_id) VALUES (201,"wheel_5", 196);
INSERT INTO symbols(id, name, filename_id) VALUES (202,"wheel_6", 196);
INSERT INTO symbols(id, name, filename_id) VALUES (203,"wheel_7", 196);
INSERT INTO symbols(id, name, filename_id) VALUES (204,"wheel_8", 196);
INSERT INTO symbols(id, name, filename_id) VALUES (205,"wheel_9", 196);
INSERT INTO symbols(id, name, filename_id) VALUES (206,"TIB", 184);
INSERT INTO symbols(id, name, filename_id) VALUES (207,"layer_1", 206);
INSERT INTO symbols(id, name, filename_id) VALUES (208,"layer_2", 206);
INSERT INTO symbols(id, name, filename_id) VALUES (209,"layer_3", 206);
INSERT INTO symbols(id, name, filename_id) VALUES (210,"layer_4", 206);
INSERT INTO symbols(id, name, filename_id) VALUES (211,"TID", 184);
INSERT INTO symbols(id, name, filename_id) VALUES (212,"side_1", 211);
INSERT INTO symbols(id, name, filename_id) VALUES (213,"wheel_1", 212);
INSERT INTO symbols(id, name, filename_id) VALUES (214,"wheel_2", 212);
INSERT INTO symbols(id, name, filename_id) VALUES (215,"wheel_3", 212);
INSERT INTO symbols(id, name, filename_id) VALUES (216,"side_2", 211);
INSERT INTO symbols(id, name, filename_id) VALUES (217,"wheel_1", 216);
INSERT INTO symbols(id, name, filename_id) VALUES (218,"wheel_2", 216);
INSERT INTO symbols(id, name, filename_id) VALUES (219,"wheel_3", 216);
INSERT INTO symbols(id, name, filename_id) VALUES (220,"TOB", 184);
INSERT INTO symbols(id, name, filename_id) VALUES (221,"layer_1", 220);
INSERT INTO symbols(id, name, filename_id) VALUES (222,"layer_2", 220);
INSERT INTO symbols(id, name, filename_id) VALUES (223,"layer_3", 220);
INSERT INTO symbols(id, name, filename_id) VALUES (224,"layer_4", 220);
INSERT INTO symbols(id, name, filename_id) VALUES (225,"layer_5", 220);
INSERT INTO symbols(id, name, filename_id) VALUES (226,"layer_6", 220);
INSERT INTO symbols(id, name, filename_id) VALUES (227,"ReadoutView", 183);
INSERT INTO symbols(id, name, filename_id) VALUES (228,"FedMonitoringSummary", 227);
INSERT INTO symbols(id, name, filename_id) VALUES (229,"Tracking", 169);
INSERT INTO symbols(id, name, filename_id) VALUES (230,"TrackParameters", 229);
INSERT INTO symbols(id, name, filename_id) VALUES (231,"GeneralProperties", 230);
INSERT INTO symbols(id, name, filename_id) VALUES (232,"HitProperties", 230);
INSERT INTO symbols(id, name, filename_id) VALUES (233,"SiStrip", 10);
INSERT INTO symbols(id, name, filename_id) VALUES (234,"EventInfo", 233);
INSERT INTO symbols(id, name, filename_id) VALUES (235,"reportSummaryContents", 234);
INSERT INTO symbols(id, name, filename_id) VALUES (236,"FEDIntegrity", 233);
INSERT INTO symbols(id, name, filename_id) VALUES (237,"MechanicalView", 233);
INSERT INTO symbols(id, name, filename_id) VALUES (238,"TEC", 237);
INSERT INTO symbols(id, name, filename_id) VALUES (239,"side_1", 238);
INSERT INTO symbols(id, name, filename_id) VALUES (240,"BadModuleList", 239);
INSERT INTO symbols(id, name, filename_id) VALUES (241,"wheel_1", 239);
INSERT INTO symbols(id, name, filename_id) VALUES (242,"wheel_2", 239);
INSERT INTO symbols(id, name, filename_id) VALUES (243,"wheel_3", 239);
INSERT INTO symbols(id, name, filename_id) VALUES (244,"wheel_4", 239);
INSERT INTO symbols(id, name, filename_id) VALUES (245,"wheel_5", 239);
INSERT INTO symbols(id, name, filename_id) VALUES (246,"wheel_6", 239);
INSERT INTO symbols(id, name, filename_id) VALUES (247,"wheel_7", 239);
INSERT INTO symbols(id, name, filename_id) VALUES (248,"wheel_8", 239);
INSERT INTO symbols(id, name, filename_id) VALUES (249,"wheel_9", 239);
INSERT INTO symbols(id, name, filename_id) VALUES (250,"side_2", 238);
INSERT INTO symbols(id, name, filename_id) VALUES (251,"BadModuleList", 250);
INSERT INTO symbols(id, name, filename_id) VALUES (252,"wheel_1", 250);
INSERT INTO symbols(id, name, filename_id) VALUES (253,"wheel_2", 250);
INSERT INTO symbols(id, name, filename_id) VALUES (254,"wheel_3", 250);
INSERT INTO symbols(id, name, filename_id) VALUES (255,"wheel_4", 250);
INSERT INTO symbols(id, name, filename_id) VALUES (256,"wheel_5", 250);
INSERT INTO symbols(id, name, filename_id) VALUES (257,"wheel_6", 250);
INSERT INTO symbols(id, name, filename_id) VALUES (258,"wheel_7", 250);
INSERT INTO symbols(id, name, filename_id) VALUES (259,"wheel_8", 250);
INSERT INTO symbols(id, name, filename_id) VALUES (260,"wheel_9", 250);
INSERT INTO symbols(id, name, filename_id) VALUES (261,"TIB", 237);
INSERT INTO symbols(id, name, filename_id) VALUES (262,"BadModuleList", 261);
INSERT INTO symbols(id, name, filename_id) VALUES (263,"layer_1", 261);
INSERT INTO symbols(id, name, filename_id) VALUES (264,"layer_2", 261);
INSERT INTO symbols(id, name, filename_id) VALUES (265,"layer_3", 261);
INSERT INTO symbols(id, name, filename_id) VALUES (266,"layer_4", 261);
INSERT INTO symbols(id, name, filename_id) VALUES (267,"TID", 237);
INSERT INTO symbols(id, name, filename_id) VALUES (268,"side_1", 267);
INSERT INTO symbols(id, name, filename_id) VALUES (269,"BadModuleList", 268);
INSERT INTO symbols(id, name, filename_id) VALUES (270,"wheel_1", 268);
INSERT INTO symbols(id, name, filename_id) VALUES (271,"wheel_2", 268);
INSERT INTO symbols(id, name, filename_id) VALUES (272,"wheel_3", 268);
INSERT INTO symbols(id, name, filename_id) VALUES (273,"side_2", 267);
INSERT INTO symbols(id, name, filename_id) VALUES (274,"wheel_1", 273);
INSERT INTO symbols(id, name, filename_id) VALUES (275,"wheel_2", 273);
INSERT INTO symbols(id, name, filename_id) VALUES (276,"wheel_3", 273);
INSERT INTO symbols(id, name, filename_id) VALUES (277,"TOB", 237);
INSERT INTO symbols(id, name, filename_id) VALUES (278,"BadModuleList", 277);
INSERT INTO symbols(id, name, filename_id) VALUES (279,"layer_1", 277);
INSERT INTO symbols(id, name, filename_id) VALUES (280,"layer_2", 277);
INSERT INTO symbols(id, name, filename_id) VALUES (281,"layer_3", 277);
INSERT INTO symbols(id, name, filename_id) VALUES (282,"layer_4", 277);
INSERT INTO symbols(id, name, filename_id) VALUES (283,"layer_5", 277);
INSERT INTO symbols(id, name, filename_id) VALUES (284,"layer_6", 277);
INSERT INTO symbols(id, name, filename_id) VALUES (285,"ReadoutView", 233);
INSERT INTO symbols(id, name, filename_id) VALUES (286,"FedSummary", 285);
INSERT INTO symbols(id, name, filename_id) VALUES (287,"APV", 286);
INSERT INTO symbols(id, name, filename_id) VALUES (288,"FE", 286);
INSERT INTO symbols(id, name, filename_id) VALUES (289,"APVe", 288);
INSERT INTO symbols(id, name, filename_id) VALUES (290,"VsId", 288);
INSERT INTO symbols(id, name, filename_id) VALUES (291,"FED", 286);
INSERT INTO symbols(id, name, filename_id) VALUES (292,"VsId", 291);
INSERT INTO symbols(id, name, filename_id) VALUES (293,"Fiber", 286);
INSERT INTO symbols(id, name, filename_id) VALUES (294,"VsId", 293);
INSERT INTO symbols(id, name, filename_id) VALUES (295,"PerLumiSection", 286);
INSERT INTO symbols(id, name, filename_id) VALUES (296,"Trends", 286);
INSERT INTO symbols(id, name, filename_id) VALUES (297,"APV", 296);
INSERT INTO symbols(id, name, filename_id) VALUES (298,"FED", 296);
INSERT INTO symbols(id, name, filename_id) VALUES (299,"Fiber", 296);
INSERT INTO symbols(id, name, filename_id) VALUES (300,"TIB", 233);
INSERT INTO symbols(id, name, filename_id) VALUES (301,"TID", 233);
INSERT INTO symbols(id, name, filename_id) VALUES (302,"Tracking", 10);
INSERT INTO symbols(id, name, filename_id) VALUES (303,"EventInfo", 302);
INSERT INTO symbols(id, name, filename_id) VALUES (304,"reportSummaryContents", 303);
INSERT INTO symbols(id, name, filename_id) VALUES (305,"MessageLog", 302);
INSERT INTO symbols(id, name, filename_id) VALUES (306,"TrackParameters", 302);
INSERT INTO symbols(id, name, filename_id) VALUES (307,"GeneralProperties", 306);
INSERT INTO symbols(id, name, filename_id) VALUES (308,"GoodTracks", 307);
INSERT INTO symbols(id, name, filename_id) VALUES (309,"HitProperties", 306);
INSERT INTO symbols(id, name, filename_id) VALUES (310,"GoodTracks", 309);
INSERT INTO symbols(id, name, filename_id) VALUES (311,"PixBarrel", 309);
INSERT INTO symbols(id, name, filename_id) VALUES (312,"PixEndcap", 309);
INSERT INTO symbols(id, name, filename_id) VALUES (313,"TEC", 309);
INSERT INTO symbols(id, name, filename_id) VALUES (314,"TIB", 309);
INSERT INTO symbols(id, name, filename_id) VALUES (315,"TID", 309);
INSERT INTO symbols(id, name, filename_id) VALUES (316,"TOB", 309);
INSERT INTO symbols(id, name, filename_id) VALUES (317,"LSanalysis", 306);
INSERT INTO symbols(id, name, filename_id) VALUES (318,"TrackBuilding", 306);
INSERT INTO symbols(id, name, filename_id) VALUES (319,"dEdx", 302);
INSERT INTO symbols(id, name, filename_id) VALUES (320,"dedxDQMHarm2PO", 319);
INSERT INTO symbols(id, name, filename_id) VALUES (321,"dedxDQMHarm2SO", 319);
INSERT INTO symbols(id, name, filename_id) VALUES (322,"dedxDQMHarm2SP", 319);
INSERT INTO mainrows(id, symbol_id, self_count, cumulative_count, kids, self_calls, total_calls, self_paths, total_paths, pct) VALUES(10,10,0,55743056, 0,2648529,11049632, 0, 35342, 0);
INSERT INTO summary(counter, total_count, total_freq, tick_period) VALUES ("BINS_LIVE",55743056,11049632, 1);
INSERT INTO mainrows(id, symbol_id, self_count, cumulative_count, kids, self_calls, total_calls, self_paths, total_paths, pct) VALUES(11, 11, 191860, 191860, 1, 1867, 30441, 43, 43, 0.0);
INSERT INTO mainrows(id, symbol_id, self_count, cumulative_count, kids, self_calls, total_calls, self_paths, total_paths, pct) VALUES(12, 12, 191860, 191860, 1, 1867, 30441, 43, 43, 0.0);
INSERT INTO mainrows(id, symbol_id, self_count, cumulative_count, kids, self_calls, total_calls, self_paths, total_paths, pct) VALUES(13, 13, 31668, 31668, 0, 1812, 7917, 24, 24, 0.0);
INSERT INTO parents(self_id, child_id, to_child_count, to_child_calls, to_child_paths, pct) VALUES(10,11,0,0,0,0);
INSERT INTO parents(self_id, child_id, to_child_count, to_child_calls, to_child_paths, pct) VALUES(11,12,160192,22524,19,0);
INSERT INTO parents(self_id, child_id, to_child_count, to_child_calls, to_child_paths, pct) VALUES(12,13,31668,7917,24,0);
INSERT INTO children(self_id, parent_id, from_parent_count, from_parent_calls, from_parent_paths, pct) VALUES(11,10,191860,1867,0,0);
INSERT INTO children(self_id, parent_id, from_parent_count, from_parent_calls, from_parent_paths, pct) VALUES(12,11,191860,1867,19,0);
INSERT INTO children(self_id, parent_id, from_parent_count, from_parent_calls, from_parent_paths, pct) VALUES(13,12,31668,1812,24,0);
INSERT INTO mainrows(id, symbol_id, self_count, cumulative_count, kids, self_calls, total_calls, self_paths, total_paths, pct) VALUES(14, 14, 173480, 173480, 3, 33783, 43370, 155, 155, 0.0);
INSERT INTO mainrows(id, symbol_id, self_count, cumulative_count, kids, self_calls, total_calls, self_paths, total_paths, pct) VALUES(15, 15, 173360, 173360, 10, 33783, 43340, 152, 152, 0.0);
INSERT INTO mainrows(id, symbol_id, self_count, cumulative_count, kids, self_calls, total_calls, self_paths, total_paths, pct) VALUES(16, 16, 16308, 16308, 12, 3157, 4077, 14, 14, 0.0);
INSERT INTO mainrows(id, symbol_id, self_count, cumulative_count, kids, self_calls, total_calls, self_paths, total_paths, pct) VALUES(17, 17, 1144, 1144, 0, 253, 286, 1, 1, 0.0);
INSERT INTO mainrows(id, symbol_id, self_count, cumulative_count, kids, self_calls, total_calls, self_paths, total_paths, pct) VALUES(18, 18, 1144, 1144, 0, 253, 286, 1, 1, 0.0);
INSERT INTO mainrows(id, symbol_id, self_count, cumulative_count, kids, self_calls, total_calls, self_paths, total_paths, pct) VALUES(19, 19, 1144, 1144, 0, 253, 286, 1, 1, 0.0);
INSERT INTO mainrows(id, symbol_id, self_count, cumulative_count, kids, self_calls, total_calls, self_paths, total_paths, pct) VALUES(20, 20, 1144, 1144, 0, 253, 286, 1, 1, 0.0);
INSERT INTO mainrows(id, symbol_id, self_count, cumulative_count, kids, self_calls, total_calls, self_paths, total_paths, pct) VALUES(21, 21, 1144, 1144, 0, 253, 286, 1, 1, 0.0);
INSERT INTO mainrows(id, symbol_id, self_count, cumulative_count, kids, self_calls, total_calls, self_paths, total_paths, pct) VALUES(22, 22, 1144, 1144, 0, 253, 286, 1, 1, 0.0);
INSERT INTO mainrows(id, symbol_id, self_count, cumulative_count, kids, self_calls, total_calls, self_paths, total_paths, pct) VALUES(23, 23, 1144, 1144, 0, 253, 286, 1, 1, 0.0);
INSERT INTO mainrows(id, symbol_id, self_count, cumulative_count, kids, self_calls, total_calls, self_paths, total_paths, pct) VALUES(24, 24, 1144, 1144, 0, 253, 286, 1, 1, 0.0);
INSERT INTO mainrows(id, symbol_id, self_count, cumulative_count, kids, self_calls, total_calls, self_paths, total_paths, pct) VALUES(25, 25, 1144, 1144, 0, 253, 286, 1, 1, 0.0);
INSERT INTO mainrows(id, symbol_id, self_count, cumulative_count, kids, self_calls, total_calls, self_paths, total_paths, pct) VALUES(26, 26, 1144, 1144, 0, 253, 286, 1, 1, 0.0);
INSERT INTO mainrows(id, symbol_id, self_count, cumulative_count, kids, self_calls, total_calls, self_paths, total_paths, pct) VALUES(27, 27, 1144, 1144, 0, 253, 286, 1, 1, 0.0);
INSERT INTO mainrows(id, symbol_id, self_count, cumulative_count, kids, self_calls, total_calls, self_paths, total_paths, pct) VALUES(28, 28, 1144, 1144, 0, 253, 286, 1, 1, 0.0);
INSERT INTO mainrows(id, symbol_id, self_count, cumulative_count, kids, self_calls, total_calls, self_paths, total_paths, pct) VALUES(29, 29, 16308, 16308, 12, 3157, 4077, 14, 14, 0.0);
INSERT INTO mainrows(id, symbol_id, self_count, cumulative_count, kids, self_calls, total_calls, self_paths, total_paths, pct) VALUES(30, 30, 1144, 1144, 0, 253, 286, 1, 1, 0.0);
INSERT INTO mainrows(id, symbol_id, self_count, cumulative_count, kids, self_calls, total_calls, self_paths, total_paths, pct) VALUES(31, 31, 1144, 1144, 0, 253, 286, 1, 1, 0.0);
INSERT INTO mainrows(id, symbol_id, self_count, cumulative_count, kids, self_calls, total_calls, self_paths, total_paths, pct) VALUES(32, 32, 1144, 1144, 0, 253, 286, 1, 1, 0.0);
INSERT INTO mainrows(id, symbol_id, self_count, cumulative_count, kids, self_calls, total_calls, self_paths, total_paths, pct) VALUES(33, 33, 1144, 1144, 0, 253, 286, 1, 1, 0.0);
INSERT INTO mainrows(id, symbol_id, self_count, cumulative_count, kids, self_calls, total_calls, self_paths, total_paths, pct) VALUES(34, 34, 1144, 1144, 0, 253, 286, 1, 1, 0.0);
INSERT INTO mainrows(id, symbol_id, self_count, cumulative_count, kids, self_calls, total_calls, self_paths, total_paths, pct) VALUES(35, 35, 1144, 1144, 0, 253, 286, 1, 1, 0.0);
INSERT INTO mainrows(id, symbol_id, self_count, cumulative_count, kids, self_calls, total_calls, self_paths, total_paths, pct) VALUES(36, 36, 1144, 1144, 0, 253, 286, 1, 1, 0.0);
INSERT INTO mainrows(id, symbol_id, self_count, cumulative_count, kids, self_calls, total_calls, self_paths, total_paths, pct) VALUES(37, 37, 1144, 1144, 0, 253, 286, 1, 1, 0.0);
INSERT INTO mainrows(id, symbol_id, self_count, cumulative_count, kids, self_calls, total_calls, self_paths, total_paths, pct) VALUES(38, 38, 1144, 1144, 0, 253, 286, 1, 1, 0.0);
INSERT INTO mainrows(id, symbol_id, self_count, cumulative_count, kids, self_calls, total_calls, self_paths, total_paths, pct) VALUES(39, 39, 1144, 1144, 0, 253, 286, 1, 1, 0.0);
INSERT INTO mainrows(id, symbol_id, self_count, cumulative_count, kids, self_calls, total_calls, self_paths, total_paths, pct) VALUES(40, 40, 1144, 1144, 0, 253, 286, 1, 1, 0.0);
INSERT INTO mainrows(id, symbol_id, self_count, cumulative_count, kids, self_calls, total_calls, self_paths, total_paths, pct) VALUES(41, 41, 1144, 1144, 0, 253, 286, 1, 1, 0.0);
INSERT INTO mainrows(id, symbol_id, self_count, cumulative_count, kids, self_calls, total_calls, self_paths, total_paths, pct) VALUES(42, 42, 16308, 16308, 12, 3157, 4077, 14, 14, 0.0);
INSERT INTO mainrows(id, symbol_id, self_count, cumulative_count, kids, self_calls, total_calls, self_paths, total_paths, pct) VALUES(43, 43, 1144, 1144, 0, 253, 286, 1, 1, 0.0);
INSERT INTO mainrows(id, symbol_id, self_count, cumulative_count, kids, self_calls, total_calls, self_paths, total_paths, pct) VALUES(44, 44, 1144, 1144, 0, 253, 286, 1, 1, 0.0);
INSERT INTO mainrows(id, symbol_id, self_count, cumulative_count, kids, self_calls, total_calls, self_paths, total_paths, pct) VALUES(45, 45, 1144, 1144, 0, 253, 286, 1, 1, 0.0);
INSERT INTO mainrows(id, symbol_id, self_count, cumulative_count, kids, self_calls, total_calls, self_paths, total_paths, pct) VALUES(46, 46, 1144, 1144, 0, 253, 286, 1, 1, 0.0);
INSERT INTO mainrows(id, symbol_id, self_count, cumulative_count, kids, self_calls, total_calls, self_paths, total_paths, pct) VALUES(47, 47, 1144, 1144, 0, 253, 286, 1, 1, 0.0);
INSERT INTO mainrows(id, symbol_id, self_count, cumulative_count, kids, self_calls, total_calls, self_paths, total_paths, pct) VALUES(48, 48, 1144, 1144, 0, 253, 286, 1, 1, 0.0);
INSERT INTO mainrows(id, symbol_id, self_count, cumulative_count, kids, self_calls, total_calls, self_paths, total_paths, pct) VALUES(49, 49, 1144, 1144, 0, 253, 286, 1, 1, 0.0);
INSERT INTO mainrows(id, symbol_id, self_count, cumulative_count, kids, self_calls, total_calls, self_paths, total_paths, pct) VALUES(50, 50, 1144, 1144, 0, 253, 286, 1, 1, 0.0);
INSERT INTO mainrows(id, symbol_id, self_count, cumulative_count, kids, self_calls, total_calls, self_paths, total_paths, pct) VALUES(51, 51, 1144, 1144, 0, 253, 286, 1, 1, 0.0);
INSERT INTO mainrows(id, symbol_id, self_count, cumulative_count, kids, self_calls, total_calls, self_paths, total_paths, pct) VALUES(52, 52, 1144, 1144, 0, 253, 286, 1, 1, 0.0);
INSERT INTO mainrows(id, symbol_id, self_count, cumulative_count, kids, self_calls, total_calls, self_paths, total_paths, pct) VALUES(53, 53, 1144, 1144, 0, 253, 286, 1, 1, 0.0);
INSERT INTO mainrows(id, symbol_id, self_count, cumulative_count, kids, self_calls, total_calls, self_paths, total_paths, pct) VALUES(54, 54, 1144, 1144, 0, 253, 286, 1, 1, 0.0);
INSERT INTO mainrows(id, symbol_id, self_count, cumulative_count, kids, self_calls, total_calls, self_paths, total_paths, pct) VALUES(55, 55, 16308, 16308, 12, 3157, 4077, 14, 14, 0.0);
INSERT INTO mainrows(id, symbol_id, self_count, cumulative_count, kids, self_calls, total_calls, self_paths, total_paths, pct) VALUES(56, 56, 1144, 1144, 0, 253, 286, 1, 1, 0.0);
INSERT INTO mainrows(id, symbol_id, self_count, cumulative_count, kids, self_calls, total_calls, self_paths, total_paths, pct) VALUES(57, 57, 1144, 1144, 0, 253, 286, 1, 1, 0.0);
INSERT INTO mainrows(id, symbol_id, self_count, cumulative_count, kids, self_calls, total_calls, self_paths, total_paths, pct) VALUES(58, 58, 1144, 1144, 0, 253, 286, 1, 1, 0.0);
INSERT INTO mainrows(id, symbol_id, self_count, cumulative_count, kids, self_calls, total_calls, self_paths, total_paths, pct) VALUES(59, 59, 1144, 1144, 0, 253, 286, 1, 1, 0.0);
INSERT INTO mainrows(id, symbol_id, self_count, cumulative_count, kids, self_calls, total_calls, self_paths, total_paths, pct) VALUES(60, 60, 1144, 1144, 0, 253, 286, 1, 1, 0.0);
INSERT INTO mainrows(id, symbol_id, self_count, cumulative_count, kids, self_calls, total_calls, self_paths, total_paths, pct) VALUES(61, 61, 1144, 1144, 0, 253, 286, 1, 1, 0.0);
INSERT INTO mainrows(id, symbol_id, self_count, cumulative_count, kids, self_calls, total_calls, self_paths, total_paths, pct) VALUES(62, 62, 1144, 1144, 0, 253, 286, 1, 1, 0.0);
INSERT INTO mainrows(id, symbol_id, self_count, cumulative_count, kids, self_calls, total_calls, self_paths, total_paths, pct) VALUES(63, 63, 1144, 1144, 0, 253, 286, 1, 1, 0.0);
INSERT INTO mainrows(id, symbol_id, self_count, cumulative_count, kids, self_calls, total_calls, self_paths, total_paths, pct) VALUES(64, 64, 1144, 1144, 0, 253, 286, 1, 1, 0.0);
INSERT INTO mainrows(id, symbol_id, self_count, cumulative_count, kids, self_calls, total_calls, self_paths, total_paths, pct) VALUES(65, 65, 1144, 1144, 0, 253, 286, 1, 1, 0.0);
INSERT INTO mainrows(id, symbol_id, self_count, cumulative_count, kids, self_calls, total_calls, self_paths, total_paths, pct) VALUES(66, 66, 1144, 1144, 0, 253, 286, 1, 1, 0.0);
INSERT INTO mainrows(id, symbol_id, self_count, cumulative_count, kids, self_calls, total_calls, self_paths, total_paths, pct) VALUES(67, 67, 1144, 1144, 0, 253, 286, 1, 1, 0.0);
INSERT INTO mainrows(id, symbol_id, self_count, cumulative_count, kids, self_calls, total_calls, self_paths, total_paths, pct) VALUES(68, 68, 16308, 16308, 12, 3157, 4077, 14, 14, 0.0);
INSERT INTO mainrows(id, symbol_id, self_count, cumulative_count, kids, self_calls, total_calls, self_paths, total_paths, pct) VALUES(69, 69, 1144, 1144, 0, 253, 286, 1, 1, 0.0);
INSERT INTO mainrows(id, symbol_id, self_count, cumulative_count, kids, self_calls, total_calls, self_paths, total_paths, pct) VALUES(70, 70, 1144, 1144, 0, 253, 286, 1, 1, 0.0);
INSERT INTO mainrows(id, symbol_id, self_count, cumulative_count, kids, self_calls, total_calls, self_paths, total_paths, pct) VALUES(71, 71, 1144, 1144, 0, 253, 286, 1, 1, 0.0);
INSERT INTO mainrows(id, symbol_id, self_count, cumulative_count, kids, self_calls, total_calls, self_paths, total_paths, pct) VALUES(72, 72, 1144, 1144, 0, 253, 286, 1, 1, 0.0);
INSERT INTO mainrows(id, symbol_id, self_count, cumulative_count, kids, self_calls, total_calls, self_paths, total_paths, pct) VALUES(73, 73, 1144, 1144, 0, 253, 286, 1, 1, 0.0);
INSERT INTO mainrows(id, symbol_id, self_count, cumulative_count, kids, self_calls, total_calls, self_paths, total_paths, pct) VALUES(74, 74, 1144, 1144, 0, 253, 286, 1, 1, 0.0);
INSERT INTO mainrows(id, symbol_id, self_count, cumulative_count, kids, self_calls, total_calls, self_paths, total_paths, pct) VALUES(75, 75, 1144, 1144, 0, 253, 286, 1, 1, 0.0);
INSERT INTO mainrows(id, symbol_id, self_count, cumulative_count, kids, self_calls, total_calls, self_paths, total_paths, pct) VALUES(76, 76, 1144, 1144, 0, 253, 286, 1, 1, 0.0);
INSERT INTO mainrows(id, symbol_id, self_count, cumulative_count, kids, self_calls, total_calls, self_paths, total_paths, pct) VALUES(77, 77, 1144, 1144, 0, 253, 286, 1, 1, 0.0);
INSERT INTO mainrows(id, symbol_id, self_count, cumulative_count, kids, self_calls, total_calls, self_paths, total_paths, pct) VALUES(78, 78, 1144, 1144, 0, 253, 286, 1, 1, 0.0);
INSERT INTO mainrows(id, symbol_id, self_count, cumulative_count, kids, self_calls, total_calls, self_paths, total_paths, pct) VALUES(79, 79, 1144, 1144, 0, 253, 286, 1, 1, 0.0);
INSERT INTO mainrows(id, symbol_id, self_count, cumulative_count, kids, self_calls, total_calls, self_paths, total_paths, pct) VALUES(80, 80, 1144, 1144, 0, 253, 286, 1, 1, 0.0);
INSERT INTO mainrows(id, symbol_id, self_count, cumulative_count, kids, self_calls, total_calls, self_paths, total_paths, pct) VALUES(81, 81, 16308, 16308, 12, 3157, 4077, 14, 14, 0.0);
INSERT INTO mainrows(id, symbol_id, self_count, cumulative_count, kids, self_calls, total_calls, self_paths, total_paths, pct) VALUES(82, 82, 1144, 1144, 0, 253, 286, 1, 1, 0.0);
INSERT INTO mainrows(id, symbol_id, self_count, cumulative_count, kids, self_calls, total_calls, self_paths, total_paths, pct) VALUES(83, 83, 1144, 1144, 0, 253, 286, 1, 1, 0.0);
INSERT INTO mainrows(id, symbol_id, self_count, cumulative_count, kids, self_calls, total_calls, self_paths, total_paths, pct) VALUES(84, 84, 1144, 1144, 0, 253, 286, 1, 1, 0.0);
INSERT INTO mainrows(id, symbol_id, self_count, cumulative_count, kids, self_calls, total_calls, self_paths, total_paths, pct) VALUES(85, 85, 1144, 1144, 0, 253, 286, 1, 1, 0.0);
INSERT INTO mainrows(id, symbol_id, self_count, cumulative_count, kids, self_calls, total_calls, self_paths, total_paths, pct) VALUES(86, 86, 1144, 1144, 0, 253, 286, 1, 1, 0.0);
INSERT INTO mainrows(id, symbol_id, self_count, cumulative_count, kids, self_calls, total_calls, self_paths, total_paths, pct) VALUES(87, 87, 1144, 1144, 0, 253, 286, 1, 1, 0.0);
INSERT INTO mainrows(id, symbol_id, self_count, cumulative_count, kids, self_calls, total_calls, self_paths, total_paths, pct) VALUES(88, 88, 1144, 1144, 0, 253, 286, 1, 1, 0.0);
INSERT INTO mainrows(id, symbol_id, self_count, cumulative_count, kids, self_calls, total_calls, self_paths, total_paths, pct) VALUES(89, 89, 1144, 1144, 0, 253, 286, 1, 1, 0.0);
INSERT INTO mainrows(id, symbol_id, self_count, cumulative_count, kids, self_calls, total_calls, self_paths, total_paths, pct) VALUES(90, 90, 1144, 1144, 0, 253, 286, 1, 1, 0.0);
INSERT INTO mainrows(id, symbol_id, self_count, cumulative_count, kids, self_calls, total_calls, self_paths, total_paths, pct) VALUES(91, 91, 1144, 1144, 0, 253, 286, 1, 1, 0.0);
INSERT INTO mainrows(id, symbol_id, self_count, cumulative_count, kids, self_calls, total_calls, self_paths, total_paths, pct) VALUES(92, 92, 1144, 1144, 0, 253, 286, 1, 1, 0.0);
INSERT INTO mainrows(id, symbol_id, self_count, cumulative_count, kids, self_calls, total_calls, self_paths, total_paths, pct) VALUES(93, 93, 1144, 1144, 0, 253, 286, 1, 1, 0.0);
INSERT INTO mainrows(id, symbol_id, self_count, cumulative_count, kids, self_calls, total_calls, self_paths, total_paths, pct) VALUES(94, 94, 16308, 16308, 12, 3157, 4077, 14, 14, 0.0);
INSERT INTO mainrows(id, symbol_id, self_count, cumulative_count, kids, self_calls, total_calls, self_paths, total_paths, pct) VALUES(95, 95, 1144, 1144, 0, 253, 286, 1, 1, 0.0);
INSERT INTO mainrows(id, symbol_id, self_count, cumulative_count, kids, self_calls, total_calls, self_paths, total_paths, pct) VALUES(96, 96, 1144, 1144, 0, 253, 286, 1, 1, 0.0);
INSERT INTO mainrows(id, symbol_id, self_count, cumulative_count, kids, self_calls, total_calls, self_paths, total_paths, pct) VALUES(97, 97, 1144, 1144, 0, 253, 286, 1, 1, 0.0);
INSERT INTO mainrows(id, symbol_id, self_count, cumulative_count, kids, self_calls, total_calls, self_paths, total_paths, pct) VALUES(98, 98, 1144, 1144, 0, 253, 286, 1, 1, 0.0);
INSERT INTO mainrows(id, symbol_id, self_count, cumulative_count, kids, self_calls, total_calls, self_paths, total_paths, pct) VALUES(99, 99, 1144, 1144, 0, 253, 286, 1, 1, 0.0);
INSERT INTO mainrows(id, symbol_id, self_count, cumulative_count, kids, self_calls, total_calls, self_paths, total_paths, pct) VALUES(100, 100, 1144, 1144, 0, 253, 286, 1, 1, 0.0);
INSERT INTO mainrows(id, symbol_id, self_count, cumulative_count, kids, self_calls, total_calls, self_paths, total_paths, pct) VALUES(101, 101, 1144, 1144, 0, 253, 286, 1, 1, 0.0);
INSERT INTO mainrows(id, symbol_id, self_count, cumulative_count, kids, self_calls, total_calls, self_paths, total_paths, pct) VALUES(102, 102, 1144, 1144, 0, 253, 286, 1, 1, 0.0);
INSERT INTO mainrows(id, symbol_id, self_count, cumulative_count, kids, self_calls, total_calls, self_paths, total_paths, pct) VALUES(103, 103, 1144, 1144, 0, 253, 286, 1, 1, 0.0);
INSERT INTO mainrows(id, symbol_id, self_count, cumulative_count, kids, self_calls, total_calls, self_paths, total_paths, pct) VALUES(104, 104, 1144, 1144, 0, 253, 286, 1, 1, 0.0);
INSERT INTO mainrows(id, symbol_id, self_count, cumulative_count, kids, self_calls, total_calls, self_paths, total_paths, pct) VALUES(105, 105, 1144, 1144, 0, 253, 286, 1, 1, 0.0);
INSERT INTO mainrows(id, symbol_id, self_count, cumulative_count, kids, self_calls, total_calls, self_paths, total_paths, pct) VALUES(106, 106, 1144, 1144, 0, 253, 286, 1, 1, 0.0);
INSERT INTO mainrows(id, symbol_id, self_count, cumulative_count, kids, self_calls, total_calls, self_paths, total_paths, pct) VALUES(107, 107, 16308, 16308, 12, 3157, 4077, 14, 14, 0.0);
INSERT INTO mainrows(id, symbol_id, self_count, cumulative_count, kids, self_calls, total_calls, self_paths, total_paths, pct) VALUES(108, 108, 1144, 1144, 0, 253, 286, 1, 1, 0.0);
INSERT INTO mainrows(id, symbol_id, self_count, cumulative_count, kids, self_calls, total_calls, self_paths, total_paths, pct) VALUES(109, 109, 1144, 1144, 0, 253, 286, 1, 1, 0.0);
INSERT INTO mainrows(id, symbol_id, self_count, cumulative_count, kids, self_calls, total_calls, self_paths, total_paths, pct) VALUES(110, 110, 1144, 1144, 0, 253, 286, 1, 1, 0.0);
INSERT INTO mainrows(id, symbol_id, self_count, cumulative_count, kids, self_calls, total_calls, self_paths, total_paths, pct) VALUES(111, 111, 1144, 1144, 0, 253, 286, 1, 1, 0.0);
INSERT INTO mainrows(id, symbol_id, self_count, cumulative_count, kids, self_calls, total_calls, self_paths, total_paths, pct) VALUES(112, 112, 1144, 1144, 0, 253, 286, 1, 1, 0.0);
INSERT INTO mainrows(id, symbol_id, self_count, cumulative_count, kids, self_calls, total_calls, self_paths, total_paths, pct) VALUES(113, 113, 1144, 1144, 0, 253, 286, 1, 1, 0.0);
INSERT INTO mainrows(id, symbol_id, self_count, cumulative_count, kids, self_calls, total_calls, self_paths, total_paths, pct) VALUES(114, 114, 1144, 1144, 0, 253, 286, 1, 1, 0.0);
INSERT INTO mainrows(id, symbol_id, self_count, cumulative_count, kids, self_calls, total_calls, self_paths, total_paths, pct) VALUES(115, 115, 1144, 1144, 0, 253, 286, 1, 1, 0.0);
INSERT INTO mainrows(id, symbol_id, self_count, cumulative_count, kids, self_calls, total_calls, self_paths, total_paths, pct) VALUES(116, 116, 1144, 1144, 0, 253, 286, 1, 1, 0.0);
INSERT INTO mainrows(id, symbol_id, self_count, cumulative_count, kids, self_calls, total_calls, self_paths, total_paths, pct) VALUES(117, 117, 1144, 1144, 0, 253, 286, 1, 1, 0.0);
INSERT INTO mainrows(id, symbol_id, self_count, cumulative_count, kids, self_calls, total_calls, self_paths, total_paths, pct) VALUES(118, 118, 1144, 1144, 0, 253, 286, 1, 1, 0.0);
INSERT INTO mainrows(id, symbol_id, self_count, cumulative_count, kids, self_calls, total_calls, self_paths, total_paths, pct) VALUES(119, 119, 1144, 1144, 0, 253, 286, 1, 1, 0.0);
INSERT INTO mainrows(id, symbol_id, self_count, cumulative_count, kids, self_calls, total_calls, self_paths, total_paths, pct) VALUES(120, 120, 16308, 16308, 12, 3157, 4077, 14, 14, 0.0);
INSERT INTO mainrows(id, symbol_id, self_count, cumulative_count, kids, self_calls, total_calls, self_paths, total_paths, pct) VALUES(121, 121, 1144, 1144, 0, 253, 286, 1, 1, 0.0);
INSERT INTO mainrows(id, symbol_id, self_count, cumulative_count, kids, self_calls, total_calls, self_paths, total_paths, pct) VALUES(122, 122, 1144, 1144, 0, 253, 286, 1, 1, 0.0);
INSERT INTO mainrows(id, symbol_id, self_count, cumulative_count, kids, self_calls, total_calls, self_paths, total_paths, pct) VALUES(123, 123, 1144, 1144, 0, 253, 286, 1, 1, 0.0);
INSERT INTO mainrows(id, symbol_id, self_count, cumulative_count, kids, self_calls, total_calls, self_paths, total_paths, pct) VALUES(124, 124, 1144, 1144, 0, 253, 286, 1, 1, 0.0);
INSERT INTO mainrows(id, symbol_id, self_count, cumulative_count, kids, self_calls, total_calls, self_paths, total_paths, pct) VALUES(125, 125, 1144, 1144, 0, 253, 286, 1, 1, 0.0);
INSERT INTO mainrows(id, symbol_id, self_count, cumulative_count, kids, self_calls, total_calls, self_paths, total_paths, pct) VALUES(126, 126, 1144, 1144, 0, 253, 286, 1, 1, 0.0);
INSERT INTO mainrows(id, symbol_id, self_count, cumulative_count, kids, self_calls, total_calls, self_paths, total_paths, pct) VALUES(127, 127, 1144, 1144, 0, 253, 286, 1, 1, 0.0);
INSERT INTO mainrows(id, symbol_id, self_count, cumulative_count, kids, self_calls, total_calls, self_paths, total_paths, pct) VALUES(128, 128, 1144, 1144, 0, 253, 286, 1, 1, 0.0);
INSERT INTO mainrows(id, symbol_id, self_count, cumulative_count, kids, self_calls, total_calls, self_paths, total_paths, pct) VALUES(129, 129, 1144, 1144, 0, 253, 286, 1, 1, 0.0);
INSERT INTO mainrows(id, symbol_id, self_count, cumulative_count, kids, self_calls, total_calls, self_paths, total_paths, pct) VALUES(130, 130, 1144, 1144, 0, 253, 286, 1, 1, 0.0);
INSERT INTO mainrows(id, symbol_id, self_count, cumulative_count, kids, self_calls, total_calls, self_paths, total_paths, pct) VALUES(131, 131, 1144, 1144, 0, 253, 286, 1, 1, 0.0);
INSERT INTO mainrows(id, symbol_id, self_count, cumulative_count, kids, self_calls, total_calls, self_paths, total_paths, pct) VALUES(132, 132, 1144, 1144, 0, 253, 286, 1, 1, 0.0);
INSERT INTO mainrows(id, symbol_id, self_count, cumulative_count, kids, self_calls, total_calls, self_paths, total_paths, pct) VALUES(133, 133, 16308, 16308, 12, 3157, 4077, 14, 14, 0.0);
INSERT INTO mainrows(id, symbol_id, self_count, cumulative_count, kids, self_calls, total_calls, self_paths, total_paths, pct) VALUES(134, 134, 1144, 1144, 0, 253, 286, 1, 1, 0.0);
INSERT INTO mainrows(id, symbol_id, self_count, cumulative_count, kids, self_calls, total_calls, self_paths, total_paths, pct) VALUES(135, 135, 1144, 1144, 0, 253, 286, 1, 1, 0.0);
INSERT INTO mainrows(id, symbol_id, self_count, cumulative_count, kids, self_calls, total_calls, self_paths, total_paths, pct) VALUES(136, 136, 1144, 1144, 0, 253, 286, 1, 1, 0.0);
INSERT INTO mainrows(id, symbol_id, self_count, cumulative_count, kids, self_calls, total_calls, self_paths, total_paths, pct) VALUES(137, 137, 1144, 1144, 0, 253, 286, 1, 1, 0.0);
INSERT INTO mainrows(id, symbol_id, self_count, cumulative_count, kids, self_calls, total_calls, self_paths, total_paths, pct) VALUES(138, 138, 1144, 1144, 0, 253, 286, 1, 1, 0.0);
INSERT INTO mainrows(id, symbol_id, self_count, cumulative_count, kids, self_calls, total_calls, self_paths, total_paths, pct) VALUES(139, 139, 1144, 1144, 0, 253, 286, 1, 1, 0.0);
INSERT INTO mainrows(id, symbol_id, self_count, cumulative_count, kids, self_calls, total_calls, self_paths, total_paths, pct) VALUES(140, 140, 1144, 1144, 0, 253, 286, 1, 1, 0.0);
INSERT INTO mainrows(id, symbol_id, self_count, cumulative_count, kids, self_calls, total_calls, self_paths, total_paths, pct) VALUES(141, 141, 1144, 1144, 0, 253, 286, 1, 1, 0.0);
INSERT INTO mainrows(id, symbol_id, self_count, cumulative_count, kids, self_calls, total_calls, self_paths, total_paths, pct) VALUES(142, 142, 1144, 1144, 0, 253, 286, 1, 1, 0.0);
INSERT INTO mainrows(id, symbol_id, self_count, cumulative_count, kids, self_calls, total_calls, self_paths, total_paths, pct) VALUES(143, 143, 1144, 1144, 0, 253, 286, 1, 1, 0.0);
INSERT INTO mainrows(id, symbol_id, self_count, cumulative_count, kids, self_calls, total_calls, self_paths, total_paths, pct) VALUES(144, 144, 1144, 1144, 0, 253, 286, 1, 1, 0.0);
INSERT INTO mainrows(id, symbol_id, self_count, cumulative_count, kids, self_calls, total_calls, self_paths, total_paths, pct) VALUES(145, 145, 1144, 1144, 0, 253, 286, 1, 1, 0.0);
INSERT INTO mainrows(id, symbol_id, self_count, cumulative_count, kids, self_calls, total_calls, self_paths, total_paths, pct) VALUES(146, 146, 0, 0, 1, 0, 0, 0, 0, 0.0);
INSERT INTO mainrows(id, symbol_id, self_count, cumulative_count, kids, self_calls, total_calls, self_paths, total_paths, pct) VALUES(147, 147, 0, 0, 0, 0, 0, 0, 0, 0.0);
INSERT INTO mainrows(id, symbol_id, self_count, cumulative_count, kids, self_calls, total_calls, self_paths, total_paths, pct) VALUES(148, 148, 120, 120, 0, 0, 30, 3, 3, 0.0);
INSERT INTO parents(self_id, child_id, to_child_count, to_child_calls, to_child_paths, pct) VALUES(10,14,0,0,0,0);
INSERT INTO parents(self_id, child_id, to_child_count, to_child_calls, to_child_paths, pct) VALUES(14,15,10280,2570,12,0);
INSERT INTO parents(self_id, child_id, to_child_count, to_child_calls, to_child_paths, pct) VALUES(15,16,2580,645,2,0);
INSERT INTO parents(self_id, child_id, to_child_count, to_child_calls, to_child_paths, pct) VALUES(16,17,1144,286,1,0);
INSERT INTO parents(self_id, child_id, to_child_count, to_child_calls, to_child_paths, pct) VALUES(16,18,1144,286,1,0);
INSERT INTO parents(self_id, child_id, to_child_count, to_child_calls, to_child_paths, pct) VALUES(16,19,1144,286,1,0);
INSERT INTO parents(self_id, child_id, to_child_count, to_child_calls, to_child_paths, pct) VALUES(16,20,1144,286,1,0);
INSERT INTO parents(self_id, child_id, to_child_count, to_child_calls, to_child_paths, pct) VALUES(16,21,1144,286,1,0);
INSERT INTO parents(self_id, child_id, to_child_count, to_child_calls, to_child_paths, pct) VALUES(16,22,1144,286,1,0);
INSERT INTO parents(self_id, child_id, to_child_count, to_child_calls, to_child_paths, pct) VALUES(16,23,1144,286,1,0);
INSERT INTO parents(self_id, child_id, to_child_count, to_child_calls, to_child_paths, pct) VALUES(16,24,1144,286,1,0);
INSERT INTO parents(self_id, child_id, to_child_count, to_child_calls, to_child_paths, pct) VALUES(16,25,1144,286,1,0);
INSERT INTO parents(self_id, child_id, to_child_count, to_child_calls, to_child_paths, pct) VALUES(16,26,1144,286,1,0);
INSERT INTO parents(self_id, child_id, to_child_count, to_child_calls, to_child_paths, pct) VALUES(16,27,1144,286,1,0);
INSERT INTO parents(self_id, child_id, to_child_count, to_child_calls, to_child_paths, pct) VALUES(16,28,1144,286,1,0);
INSERT INTO parents(self_id, child_id, to_child_count, to_child_calls, to_child_paths, pct) VALUES(15,29,2580,645,2,0);
INSERT INTO parents(self_id, child_id, to_child_count, to_child_calls, to_child_paths, pct) VALUES(29,30,1144,286,1,0);
INSERT INTO parents(self_id, child_id, to_child_count, to_child_calls, to_child_paths, pct) VALUES(29,31,1144,286,1,0);
INSERT INTO parents(self_id, child_id, to_child_count, to_child_calls, to_child_paths, pct) VALUES(29,32,1144,286,1,0);
INSERT INTO parents(self_id, child_id, to_child_count, to_child_calls, to_child_paths, pct) VALUES(29,33,1144,286,1,0);
INSERT INTO parents(self_id, child_id, to_child_count, to_child_calls, to_child_paths, pct) VALUES(29,34,1144,286,1,0);
INSERT INTO parents(self_id, child_id, to_child_count, to_child_calls, to_child_paths, pct) VALUES(29,35,1144,286,1,0);
INSERT INTO parents(self_id, child_id, to_child_count, to_child_calls, to_child_paths, pct) VALUES(29,36,1144,286,1,0);
INSERT INTO parents(self_id, child_id, to_child_count, to_child_calls, to_child_paths, pct) VALUES(29,37,1144,286,1,0);
INSERT INTO parents(self_id, child_id, to_child_count, to_child_calls, to_child_paths, pct) VALUES(29,38,1144,286,1,0);
INSERT INTO parents(self_id, child_id, to_child_count, to_child_calls, to_child_paths, pct) VALUES(29,39,1144,286,1,0);
INSERT INTO parents(self_id, child_id, to_child_count, to_child_calls, to_child_paths, pct) VALUES(29,40,1144,286,1,0);
INSERT INTO parents(self_id, child_id, to_child_count, to_child_calls, to_child_paths, pct) VALUES(29,41,1144,286,1,0);
INSERT INTO parents(self_id, child_id, to_child_count, to_child_calls, to_child_paths, pct) VALUES(15,42,2580,645,2,0);
INSERT INTO parents(self_id, child_id, to_child_count, to_child_calls, to_child_paths, pct) VALUES(42,43,1144,286,1,0);
INSERT INTO parents(self_id, child_id, to_child_count, to_child_calls, to_child_paths, pct) VALUES(42,44,1144,286,1,0);
INSERT INTO parents(self_id, child_id, to_child_count, to_child_calls, to_child_paths, pct) VALUES(42,45,1144,286,1,0);
INSERT INTO parents(self_id, child_id, to_child_count, to_child_calls, to_child_paths, pct) VALUES(42,46,1144,286,1,0);
INSERT INTO parents(self_id, child_id, to_child_count, to_child_calls, to_child_paths, pct) VALUES(42,47,1144,286,1,0);
INSERT INTO parents(self_id, child_id, to_child_count, to_child_calls, to_child_paths, pct) VALUES(42,48,1144,286,1,0);
INSERT INTO parents(self_id, child_id, to_child_count, to_child_calls, to_child_paths, pct) VALUES(42,49,1144,286,1,0);
INSERT INTO parents(self_id, child_id, to_child_count, to_child_calls, to_child_paths, pct) VALUES(42,50,1144,286,1,0);
INSERT INTO parents(self_id, child_id, to_child_count, to_child_calls, to_child_paths, pct) VALUES(42,51,1144,286,1,0);
INSERT INTO parents(self_id, child_id, to_child_count, to_child_calls, to_child_paths, pct) VALUES(42,52,1144,286,1,0);
INSERT INTO parents(self_id, child_id, to_child_count, to_child_calls, to_child_paths, pct) VALUES(42,53,1144,286,1,0);
INSERT INTO parents(self_id, child_id, to_child_count, to_child_calls, to_child_paths, pct) VALUES(42,54,1144,286,1,0);
INSERT INTO parents(self_id, child_id, to_child_count, to_child_calls, to_child_paths, pct) VALUES(15,55,2580,645,2,0);
INSERT INTO parents(self_id, child_id, to_child_count, to_child_calls, to_child_paths, pct) VALUES(55,56,1144,286,1,0);
INSERT INTO parents(self_id, child_id, to_child_count, to_child_calls, to_child_paths, pct) VALUES(55,57,1144,286,1,0);
INSERT INTO parents(self_id, child_id, to_child_count, to_child_calls, to_child_paths, pct) VALUES(55,58,1144,286,1,0);
INSERT INTO parents(self_id, child_id, to_child_count, to_child_calls, to_child_paths, pct) VALUES(55,59,1144,286,1,0);
INSERT INTO parents(self_id, child_id, to_child_count, to_child_calls, to_child_paths, pct) VALUES(55,60,1144,286,1,0);
INSERT INTO parents(self_id, child_id, to_child_count, to_child_calls, to_child_paths, pct) VALUES(55,61,1144,286,1,0);
INSERT INTO parents(self_id, child_id, to_child_count, to_child_calls, to_child_paths, pct) VALUES(55,62,1144,286,1,0);
INSERT INTO parents(self_id, child_id, to_child_count, to_child_calls, to_child_paths, pct) VALUES(55,63,1144,286,1,0);
INSERT INTO parents(self_id, child_id, to_child_count, to_child_calls, to_child_paths, pct) VALUES(55,64,1144,286,1,0);
INSERT INTO parents(self_id, child_id, to_child_count, to_child_calls, to_child_paths, pct) VALUES(55,65,1144,286,1,0);
INSERT INTO parents(self_id, child_id, to_child_count, to_child_calls, to_child_paths, pct) VALUES(55,66,1144,286,1,0);
INSERT INTO parents(self_id, child_id, to_child_count, to_child_calls, to_child_paths, pct) VALUES(55,67,1144,286,1,0);
INSERT INTO parents(self_id, child_id, to_child_count, to_child_calls, to_child_paths, pct) VALUES(15,68,2580,645,2,0);
INSERT INTO parents(self_id, child_id, to_child_count, to_child_calls, to_child_paths, pct) VALUES(68,69,1144,286,1,0);
INSERT INTO parents(self_id, child_id, to_child_count, to_child_calls, to_child_paths, pct) VALUES(68,70,1144,286,1,0);
INSERT INTO parents(self_id, child_id, to_child_count, to_child_calls, to_child_paths, pct) VALUES(68,71,1144,286,1,0);
INSERT INTO parents(self_id, child_id, to_child_count, to_child_calls, to_child_paths, pct) VALUES(68,72,1144,286,1,0);
INSERT INTO parents(self_id, child_id, to_child_count, to_child_calls, to_child_paths, pct) VALUES(68,73,1144,286,1,0);
INSERT INTO parents(self_id, child_id, to_child_count, to_child_calls, to_child_paths, pct) VALUES(68,74,1144,286,1,0);
INSERT INTO parents(self_id, child_id, to_child_count, to_child_calls, to_child_paths, pct) VALUES(68,75,1144,286,1,0);
INSERT INTO parents(self_id, child_id, to_child_count, to_child_calls, to_child_paths, pct) VALUES(68,76,1144,286,1,0);
INSERT INTO parents(self_id, child_id, to_child_count, to_child_calls, to_child_paths, pct) VALUES(68,77,1144,286,1,0);
INSERT INTO parents(self_id, child_id, to_child_count, to_child_calls, to_child_paths, pct) VALUES(68,78,1144,286,1,0);
INSERT INTO parents(self_id, child_id, to_child_count, to_child_calls, to_child_paths, pct) VALUES(68,79,1144,286,1,0);
INSERT INTO parents(self_id, child_id, to_child_count, to_child_calls, to_child_paths, pct) VALUES(68,80,1144,286,1,0);
INSERT INTO parents(self_id, child_id, to_child_count, to_child_calls, to_child_paths, pct) VALUES(15,81,2580,645,2,0);
INSERT INTO parents(self_id, child_id, to_child_count, to_child_calls, to_child_paths, pct) VALUES(81,82,1144,286,1,0);
INSERT INTO parents(self_id, child_id, to_child_count, to_child_calls, to_child_paths, pct) VALUES(81,83,1144,286,1,0);
INSERT INTO parents(self_id, child_id, to_child_count, to_child_calls, to_child_paths, pct) VALUES(81,84,1144,286,1,0);
INSERT INTO parents(self_id, child_id, to_child_count, to_child_calls, to_child_paths, pct) VALUES(81,85,1144,286,1,0);
INSERT INTO parents(self_id, child_id, to_child_count, to_child_calls, to_child_paths, pct) VALUES(81,86,1144,286,1,0);
INSERT INTO parents(self_id, child_id, to_child_count, to_child_calls, to_child_paths, pct) VALUES(81,87,1144,286,1,0);
INSERT INTO parents(self_id, child_id, to_child_count, to_child_calls, to_child_paths, pct) VALUES(81,88,1144,286,1,0);
INSERT INTO parents(self_id, child_id, to_child_count, to_child_calls, to_child_paths, pct) VALUES(81,89,1144,286,1,0);
INSERT INTO parents(self_id, child_id, to_child_count, to_child_calls, to_child_paths, pct) VALUES(81,90,1144,286,1,0);
INSERT INTO parents(self_id, child_id, to_child_count, to_child_calls, to_child_paths, pct) VALUES(81,91,1144,286,1,0);
INSERT INTO parents(self_id, child_id, to_child_count, to_child_calls, to_child_paths, pct) VALUES(81,92,1144,286,1,0);
INSERT INTO parents(self_id, child_id, to_child_count, to_child_calls, to_child_paths, pct) VALUES(81,93,1144,286,1,0);
INSERT INTO parents(self_id, child_id, to_child_count, to_child_calls, to_child_paths, pct) VALUES(15,94,2580,645,2,0);
INSERT INTO parents(self_id, child_id, to_child_count, to_child_calls, to_child_paths, pct) VALUES(94,95,1144,286,1,0);
INSERT INTO parents(self_id, child_id, to_child_count, to_child_calls, to_child_paths, pct) VALUES(94,96,1144,286,1,0);
INSERT INTO parents(self_id, child_id, to_child_count, to_child_calls, to_child_paths, pct) VALUES(94,97,1144,286,1,0);
INSERT INTO parents(self_id, child_id, to_child_count, to_child_calls, to_child_paths, pct) VALUES(94,98,1144,286,1,0);
INSERT INTO parents(self_id, child_id, to_child_count, to_child_calls, to_child_paths, pct) VALUES(94,99,1144,286,1,0);
INSERT INTO parents(self_id, child_id, to_child_count, to_child_calls, to_child_paths, pct) VALUES(94,100,1144,286,1,0);
INSERT INTO parents(self_id, child_id, to_child_count, to_child_calls, to_child_paths, pct) VALUES(94,101,1144,286,1,0);
INSERT INTO parents(self_id, child_id, to_child_count, to_child_calls, to_child_paths, pct) VALUES(94,102,1144,286,1,0);
INSERT INTO parents(self_id, child_id, to_child_count, to_child_calls, to_child_paths, pct) VALUES(94,103,1144,286,1,0);
INSERT INTO parents(self_id, child_id, to_child_count, to_child_calls, to_child_paths, pct) VALUES(94,104,1144,286,1,0);
INSERT INTO parents(self_id, child_id, to_child_count, to_child_calls, to_child_paths, pct) VALUES(94,105,1144,286,1,0);
INSERT INTO parents(self_id, child_id, to_child_count, to_child_calls, to_child_paths, pct) VALUES(94,106,1144,286,1,0);
INSERT INTO parents(self_id, child_id, to_child_count, to_child_calls, to_child_paths, pct) VALUES(15,107,2580,645,2,0);
INSERT INTO parents(self_id, child_id, to_child_count, to_child_calls, to_child_paths, pct) VALUES(107,108,1144,286,1,0);
INSERT INTO parents(self_id, child_id, to_child_count, to_child_calls, to_child_paths, pct) VALUES(107,109,1144,286,1,0);
INSERT INTO parents(self_id, child_id, to_child_count, to_child_calls, to_child_paths, pct) VALUES(107,110,1144,286,1,0);
INSERT INTO parents(self_id, child_id, to_child_count, to_child_calls, to_child_paths, pct) VALUES(107,111,1144,286,1,0);
INSERT INTO parents(self_id, child_id, to_child_count, to_child_calls, to_child_paths, pct) VALUES(107,112,1144,286,1,0);
INSERT INTO parents(self_id, child_id, to_child_count, to_child_calls, to_child_paths, pct) VALUES(107,113,1144,286,1,0);
INSERT INTO parents(self_id, child_id, to_child_count, to_child_calls, to_child_paths, pct) VALUES(107,114,1144,286,1,0);
INSERT INTO parents(self_id, child_id, to_child_count, to_child_calls, to_child_paths, pct) VALUES(107,115,1144,286,1,0);
INSERT INTO parents(self_id, child_id, to_child_count, to_child_calls, to_child_paths, pct) VALUES(107,116,1144,286,1,0);
INSERT INTO parents(self_id, child_id, to_child_count, to_child_calls, to_child_paths, pct) VALUES(107,117,1144,286,1,0);
INSERT INTO parents(self_id, child_id, to_child_count, to_child_calls, to_child_paths, pct) VALUES(107,118,1144,286,1,0);
INSERT INTO parents(self_id, child_id, to_child_count, to_child_calls, to_child_paths, pct) VALUES(107,119,1144,286,1,0);
INSERT INTO parents(self_id, child_id, to_child_count, to_child_calls, to_child_paths, pct) VALUES(15,120,2580,645,2,0);
INSERT INTO parents(self_id, child_id, to_child_count, to_child_calls, to_child_paths, pct) VALUES(120,121,1144,286,1,0);
INSERT INTO parents(self_id, child_id, to_child_count, to_child_calls, to_child_paths, pct) VALUES(120,122,1144,286,1,0);
INSERT INTO parents(self_id, child_id, to_child_count, to_child_calls, to_child_paths, pct) VALUES(120,123,1144,286,1,0);
INSERT INTO parents(self_id, child_id, to_child_count, to_child_calls, to_child_paths, pct) VALUES(120,124,1144,286,1,0);
INSERT INTO parents(self_id, child_id, to_child_count, to_child_calls, to_child_paths, pct) VALUES(120,125,1144,286,1,0);
INSERT INTO parents(self_id, child_id, to_child_count, to_child_calls, to_child_paths, pct) VALUES(120,126,1144,286,1,0);
INSERT INTO parents(self_id, child_id, to_child_count, to_child_calls, to_child_paths, pct) VALUES(120,127,1144,286,1,0);
INSERT INTO parents(self_id, child_id, to_child_count, to_child_calls, to_child_paths, pct) VALUES(120,128,1144,286,1,0);
INSERT INTO parents(self_id, child_id, to_child_count, to_child_calls, to_child_paths, pct) VALUES(120,129,1144,286,1,0);
INSERT INTO parents(self_id, child_id, to_child_count, to_child_calls, to_child_paths, pct) VALUES(120,130,1144,286,1,0);
INSERT INTO parents(self_id, child_id, to_child_count, to_child_calls, to_child_paths, pct) VALUES(120,131,1144,286,1,0);
INSERT INTO parents(self_id, child_id, to_child_count, to_child_calls, to_child_paths, pct) VALUES(120,132,1144,286,1,0);
INSERT INTO parents(self_id, child_id, to_child_count, to_child_calls, to_child_paths, pct) VALUES(15,133,2580,645,2,0);
INSERT INTO parents(self_id, child_id, to_child_count, to_child_calls, to_child_paths, pct) VALUES(133,134,1144,286,1,0);
INSERT INTO parents(self_id, child_id, to_child_count, to_child_calls, to_child_paths, pct) VALUES(133,135,1144,286,1,0);
INSERT INTO parents(self_id, child_id, to_child_count, to_child_calls, to_child_paths, pct) VALUES(133,136,1144,286,1,0);
INSERT INTO parents(self_id, child_id, to_child_count, to_child_calls, to_child_paths, pct) VALUES(133,137,1144,286,1,0);
INSERT INTO parents(self_id, child_id, to_child_count, to_child_calls, to_child_paths, pct) VALUES(133,138,1144,286,1,0);
INSERT INTO parents(self_id, child_id, to_child_count, to_child_calls, to_child_paths, pct) VALUES(133,139,1144,286,1,0);
INSERT INTO parents(self_id, child_id, to_child_count, to_child_calls, to_child_paths, pct) VALUES(133,140,1144,286,1,0);
INSERT INTO parents(self_id, child_id, to_child_count, to_child_calls, to_child_paths, pct) VALUES(133,141,1144,286,1,0);
INSERT INTO parents(self_id, child_id, to_child_count, to_child_calls, to_child_paths, pct) VALUES(133,142,1144,286,1,0);
INSERT INTO parents(self_id, child_id, to_child_count, to_child_calls, to_child_paths, pct) VALUES(133,143,1144,286,1,0);
INSERT INTO parents(self_id, child_id, to_child_count, to_child_calls, to_child_paths, pct) VALUES(133,144,1144,286,1,0);
INSERT INTO parents(self_id, child_id, to_child_count, to_child_calls, to_child_paths, pct) VALUES(133,145,1144,286,1,0);
INSERT INTO parents(self_id, child_id, to_child_count, to_child_calls, to_child_paths, pct) VALUES(14,146,0,0,0,0);
INSERT INTO parents(self_id, child_id, to_child_count, to_child_calls, to_child_paths, pct) VALUES(146,147,0,0,0,0);
INSERT INTO parents(self_id, child_id, to_child_count, to_child_calls, to_child_paths, pct) VALUES(14,148,120,30,3,0);
INSERT INTO children(self_id, parent_id, from_parent_count, from_parent_calls, from_parent_paths, pct) VALUES(14,10,173480,33783,0,0);
INSERT INTO children(self_id, parent_id, from_parent_count, from_parent_calls, from_parent_paths, pct) VALUES(15,14,173360,33783,12,0);
INSERT INTO children(self_id, parent_id, from_parent_count, from_parent_calls, from_parent_paths, pct) VALUES(16,15,16308,3157,2,0);
INSERT INTO children(self_id, parent_id, from_parent_count, from_parent_calls, from_parent_paths, pct) VALUES(17,16,1144,253,1,0);
INSERT INTO children(self_id, parent_id, from_parent_count, from_parent_calls, from_parent_paths, pct) VALUES(18,16,1144,253,1,0);
INSERT INTO children(self_id, parent_id, from_parent_count, from_parent_calls, from_parent_paths, pct) VALUES(19,16,1144,253,1,0);
INSERT INTO children(self_id, parent_id, from_parent_count, from_parent_calls, from_parent_paths, pct) VALUES(20,16,1144,253,1,0);
INSERT INTO children(self_id, parent_id, from_parent_count, from_parent_calls, from_parent_paths, pct) VALUES(21,16,1144,253,1,0);
INSERT INTO children(self_id, parent_id, from_parent_count, from_parent_calls, from_parent_paths, pct) VALUES(22,16,1144,253,1,0);
INSERT INTO children(self_id, parent_id, from_parent_count, from_parent_calls, from_parent_paths, pct) VALUES(23,16,1144,253,1,0);
INSERT INTO children(self_id, parent_id, from_parent_count, from_parent_calls, from_parent_paths, pct) VALUES(24,16,1144,253,1,0);
INSERT INTO children(self_id, parent_id, from_parent_count, from_parent_calls, from_parent_paths, pct) VALUES(25,16,1144,253,1,0);
INSERT INTO children(self_id, parent_id, from_parent_count, from_parent_calls, from_parent_paths, pct) VALUES(26,16,1144,253,1,0);
INSERT INTO children(self_id, parent_id, from_parent_count, from_parent_calls, from_parent_paths, pct) VALUES(27,16,1144,253,1,0);
INSERT INTO children(self_id, parent_id, from_parent_count, from_parent_calls, from_parent_paths, pct) VALUES(28,16,1144,253,1,0);
INSERT INTO children(self_id, parent_id, from_parent_count, from_parent_calls, from_parent_paths, pct) VALUES(29,15,16308,3157,2,0);
INSERT INTO children(self_id, parent_id, from_parent_count, from_parent_calls, from_parent_paths, pct) VALUES(30,29,1144,253,1,0);
INSERT INTO children(self_id, parent_id, from_parent_count, from_parent_calls, from_parent_paths, pct) VALUES(31,29,1144,253,1,0);
INSERT INTO children(self_id, parent_id, from_parent_count, from_parent_calls, from_parent_paths, pct) VALUES(32,29,1144,253,1,0);
INSERT INTO children(self_id, parent_id, from_parent_count, from_parent_calls, from_parent_paths, pct) VALUES(33,29,1144,253,1,0);
INSERT INTO children(self_id, parent_id, from_parent_count, from_parent_calls, from_parent_paths, pct) VALUES(34,29,1144,253,1,0);
INSERT INTO children(self_id, parent_id, from_parent_count, from_parent_calls, from_parent_paths, pct) VALUES(35,29,1144,253,1,0);
INSERT INTO children(self_id, parent_id, from_parent_count, from_parent_calls, from_parent_paths, pct) VALUES(36,29,1144,253,1,0);
INSERT INTO children(self_id, parent_id, from_parent_count, from_parent_calls, from_parent_paths, pct) VALUES(37,29,1144,253,1,0);
INSERT INTO children(self_id, parent_id, from_parent_count, from_parent_calls, from_parent_paths, pct) VALUES(38,29,1144,253,1,0);
INSERT INTO children(self_id, parent_id, from_parent_count, from_parent_calls, from_parent_paths, pct) VALUES(39,29,1144,253,1,0);
INSERT INTO children(self_id, parent_id, from_parent_count, from_parent_calls, from_parent_paths, pct) VALUES(40,29,1144,253,1,0);
INSERT INTO children(self_id, parent_id, from_parent_count, from_parent_calls, from_parent_paths, pct) VALUES(41,29,1144,253,1,0);
INSERT INTO children(self_id, parent_id, from_parent_count, from_parent_calls, from_parent_paths, pct) VALUES(42,15,16308,3157,2,0);
INSERT INTO children(self_id, parent_id, from_parent_count, from_parent_calls, from_parent_paths, pct) VALUES(43,42,1144,253,1,0);
INSERT INTO children(self_id, parent_id, from_parent_count, from_parent_calls, from_parent_paths, pct) VALUES(44,42,1144,253,1,0);
INSERT INTO children(self_id, parent_id, from_parent_count, from_parent_calls, from_parent_paths, pct) VALUES(45,42,1144,253,1,0);
INSERT INTO children(self_id, parent_id, from_parent_count, from_parent_calls, from_parent_paths, pct) VALUES(46,42,1144,253,1,0);
INSERT INTO children(self_id, parent_id, from_parent_count, from_parent_calls, from_parent_paths, pct) VALUES(47,42,1144,253,1,0);
INSERT INTO children(self_id, parent_id, from_parent_count, from_parent_calls, from_parent_paths, pct) VALUES(48,42,1144,253,1,0);
INSERT INTO children(self_id, parent_id, from_parent_count, from_parent_calls, from_parent_paths, pct) VALUES(49,42,1144,253,1,0);
INSERT INTO children(self_id, parent_id, from_parent_count, from_parent_calls, from_parent_paths, pct) VALUES(50,42,1144,253,1,0);
INSERT INTO children(self_id, parent_id, from_parent_count, from_parent_calls, from_parent_paths, pct) VALUES(51,42,1144,253,1,0);
INSERT INTO children(self_id, parent_id, from_parent_count, from_parent_calls, from_parent_paths, pct) VALUES(52,42,1144,253,1,0);
INSERT INTO children(self_id, parent_id, from_parent_count, from_parent_calls, from_parent_paths, pct) VALUES(53,42,1144,253,1,0);
INSERT INTO children(self_id, parent_id, from_parent_count, from_parent_calls, from_parent_paths, pct) VALUES(54,42,1144,253,1,0);
INSERT INTO children(self_id, parent_id, from_parent_count, from_parent_calls, from_parent_paths, pct) VALUES(55,15,16308,3157,2,0);
INSERT INTO children(self_id, parent_id, from_parent_count, from_parent_calls, from_parent_paths, pct) VALUES(56,55,1144,253,1,0);
INSERT INTO children(self_id, parent_id, from_parent_count, from_parent_calls, from_parent_paths, pct) VALUES(57,55,1144,253,1,0);
INSERT INTO children(self_id, parent_id, from_parent_count, from_parent_calls, from_parent_paths, pct) VALUES(58,55,1144,253,1,0);
INSERT INTO children(self_id, parent_id, from_parent_count, from_parent_calls, from_parent_paths, pct) VALUES(59,55,1144,253,1,0);
INSERT INTO children(self_id, parent_id, from_parent_count, from_parent_calls, from_parent_paths, pct) VALUES(60,55,1144,253,1,0);
INSERT INTO children(self_id, parent_id, from_parent_count, from_parent_calls, from_parent_paths, pct) VALUES(61,55,1144,253,1,0);
INSERT INTO children(self_id, parent_id, from_parent_count, from_parent_calls, from_parent_paths, pct) VALUES(62,55,1144,253,1,0);
INSERT INTO children(self_id, parent_id, from_parent_count, from_parent_calls, from_parent_paths, pct) VALUES(63,55,1144,253,1,0);
INSERT INTO children(self_id, parent_id, from_parent_count, from_parent_calls, from_parent_paths, pct) VALUES(64,55,1144,253,1,0);
INSERT INTO children(self_id, parent_id, from_parent_count, from_parent_calls, from_parent_paths, pct) VALUES(65,55,1144,253,1,0);
INSERT INTO children(self_id, parent_id, from_parent_count, from_parent_calls, from_parent_paths, pct) VALUES(66,55,1144,253,1,0);
INSERT INTO children(self_id, parent_id, from_parent_count, from_parent_calls, from_parent_paths, pct) VALUES(67,55,1144,253,1,0);
INSERT INTO children(self_id, parent_id, from_parent_count, from_parent_calls, from_parent_paths, pct) VALUES(68,15,16308,3157,2,0);
INSERT INTO children(self_id, parent_id, from_parent_count, from_parent_calls, from_parent_paths, pct) VALUES(69,68,1144,253,1,0);
INSERT INTO children(self_id, parent_id, from_parent_count, from_parent_calls, from_parent_paths, pct) VALUES(70,68,1144,253,1,0);
INSERT INTO children(self_id, parent_id, from_parent_count, from_parent_calls, from_parent_paths, pct) VALUES(71,68,1144,253,1,0);
INSERT INTO children(self_id, parent_id, from_parent_count, from_parent_calls, from_parent_paths, pct) VALUES(72,68,1144,253,1,0);
INSERT INTO children(self_id, parent_id, from_parent_count, from_parent_calls, from_parent_paths, pct) VALUES(73,68,1144,253,1,0);
INSERT INTO children(self_id, parent_id, from_parent_count, from_parent_calls, from_parent_paths, pct) VALUES(74,68,1144,253,1,0);
INSERT INTO children(self_id, parent_id, from_parent_count, from_parent_calls, from_parent_paths, pct) VALUES(75,68,1144,253,1,0);
INSERT INTO children(self_id, parent_id, from_parent_count, from_parent_calls, from_parent_paths, pct) VALUES(76,68,1144,253,1,0);
INSERT INTO children(self_id, parent_id, from_parent_count, from_parent_calls, from_parent_paths, pct) VALUES(77,68,1144,253,1,0);
INSERT INTO children(self_id, parent_id, from_parent_count, from_parent_calls, from_parent_paths, pct) VALUES(78,68,1144,253,1,0);
INSERT INTO children(self_id, parent_id, from_parent_count, from_parent_calls, from_parent_paths, pct) VALUES(79,68,1144,253,1,0);
INSERT INTO children(self_id, parent_id, from_parent_count, from_parent_calls, from_parent_paths, pct) VALUES(80,68,1144,253,1,0);
INSERT INTO children(self_id, parent_id, from_parent_count, from_parent_calls, from_parent_paths, pct) VALUES(81,15,16308,3157,2,0);
INSERT INTO children(self_id, parent_id, from_parent_count, from_parent_calls, from_parent_paths, pct) VALUES(82,81,1144,253,1,0);
INSERT INTO children(self_id, parent_id, from_parent_count, from_parent_calls, from_parent_paths, pct) VALUES(83,81,1144,253,1,0);
INSERT INTO children(self_id, parent_id, from_parent_count, from_parent_calls, from_parent_paths, pct) VALUES(84,81,1144,253,1,0);
INSERT INTO children(self_id, parent_id, from_parent_count, from_parent_calls, from_parent_paths, pct) VALUES(85,81,1144,253,1,0);
INSERT INTO children(self_id, parent_id, from_parent_count, from_parent_calls, from_parent_paths, pct) VALUES(86,81,1144,253,1,0);
INSERT INTO children(self_id, parent_id, from_parent_count, from_parent_calls, from_parent_paths, pct) VALUES(87,81,1144,253,1,0);
INSERT INTO children(self_id, parent_id, from_parent_count, from_parent_calls, from_parent_paths, pct) VALUES(88,81,1144,253,1,0);
INSERT INTO children(self_id, parent_id, from_parent_count, from_parent_calls, from_parent_paths, pct) VALUES(89,81,1144,253,1,0);
INSERT INTO children(self_id, parent_id, from_parent_count, from_parent_calls, from_parent_paths, pct) VALUES(90,81,1144,253,1,0);
INSERT INTO children(self_id, parent_id, from_parent_count, from_parent_calls, from_parent_paths, pct) VALUES(91,81,1144,253,1,0);
INSERT INTO children(self_id, parent_id, from_parent_count, from_parent_calls, from_parent_paths, pct) VALUES(92,81,1144,253,1,0);
INSERT INTO children(self_id, parent_id, from_parent_count, from_parent_calls, from_parent_paths, pct) VALUES(93,81,1144,253,1,0);
INSERT INTO children(self_id, parent_id, from_parent_count, from_parent_calls, from_parent_paths, pct) VALUES(94,15,16308,3157,2,0);
INSERT INTO children(self_id, parent_id, from_parent_count, from_parent_calls, from_parent_paths, pct) VALUES(95,94,1144,253,1,0);
INSERT INTO children(self_id, parent_id, from_parent_count, from_parent_calls, from_parent_paths, pct) VALUES(96,94,1144,253,1,0);
INSERT INTO children(self_id, parent_id, from_parent_count, from_parent_calls, from_parent_paths, pct) VALUES(97,94,1144,253,1,0);
INSERT INTO children(self_id, parent_id, from_parent_count, from_parent_calls, from_parent_paths, pct) VALUES(98,94,1144,253,1,0);
INSERT INTO children(self_id, parent_id, from_parent_count, from_parent_calls, from_parent_paths, pct) VALUES(99,94,1144,253,1,0);
INSERT INTO children(self_id, parent_id, from_parent_count, from_parent_calls, from_parent_paths, pct) VALUES(100,94,1144,253,1,0);
INSERT INTO children(self_id, parent_id, from_parent_count, from_parent_calls, from_parent_paths, pct) VALUES(101,94,1144,253,1,0);
INSERT INTO children(self_id, parent_id, from_parent_count, from_parent_calls, from_parent_paths, pct) VALUES(102,94,1144,253,1,0);
INSERT INTO children(self_id, parent_id, from_parent_count, from_parent_calls, from_parent_paths, pct) VALUES(103,94,1144,253,1,0);
INSERT INTO children(self_id, parent_id, from_parent_count, from_parent_calls, from_parent_paths, pct) VALUES(104,94,1144,253,1,0);
INSERT INTO children(self_id, parent_id, from_parent_count, from_parent_calls, from_parent_paths, pct) VALUES(105,94,1144,253,1,0);
INSERT INTO children(self_id, parent_id, from_parent_count, from_parent_calls, from_parent_paths, pct) VALUES(106,94,1144,253,1,0);
INSERT INTO children(self_id, parent_id, from_parent_count, from_parent_calls, from_parent_paths, pct) VALUES(107,15,16308,3157,2,0);
INSERT INTO children(self_id, parent_id, from_parent_count, from_parent_calls, from_parent_paths, pct) VALUES(108,107,1144,253,1,0);
INSERT INTO children(self_id, parent_id, from_parent_count, from_parent_calls, from_parent_paths, pct) VALUES(109,107,1144,253,1,0);
INSERT INTO children(self_id, parent_id, from_parent_count, from_parent_calls, from_parent_paths, pct) VALUES(110,107,1144,253,1,0);
INSERT INTO children(self_id, parent_id, from_parent_count, from_parent_calls, from_parent_paths, pct) VALUES(111,107,1144,253,1,0);
INSERT INTO children(self_id, parent_id, from_parent_count, from_parent_calls, from_parent_paths, pct) VALUES(112,107,1144,253,1,0);
INSERT INTO children(self_id, parent_id, from_parent_count, from_parent_calls, from_parent_paths, pct) VALUES(113,107,1144,253,1,0);
INSERT INTO children(self_id, parent_id, from_parent_count, from_parent_calls, from_parent_paths, pct) VALUES(114,107,1144,253,1,0);
INSERT INTO children(self_id, parent_id, from_parent_count, from_parent_calls, from_parent_paths, pct) VALUES(115,107,1144,253,1,0);
INSERT INTO children(self_id, parent_id, from_parent_count, from_parent_calls, from_parent_paths, pct) VALUES(116,107,1144,253,1,0);
INSERT INTO children(self_id, parent_id, from_parent_count, from_parent_calls, from_parent_paths, pct) VALUES(117,107,1144,253,1,0);
INSERT INTO children(self_id, parent_id, from_parent_count, from_parent_calls, from_parent_paths, pct) VALUES(118,107,1144,253,1,0);
INSERT INTO children(self_id, parent_id, from_parent_count, from_parent_calls, from_parent_paths, pct) VALUES(119,107,1144,253,1,0);
INSERT INTO children(self_id, parent_id, from_parent_count, from_parent_calls, from_parent_paths, pct) VALUES(120,15,16308,3157,2,0);
INSERT INTO children(self_id, parent_id, from_parent_count, from_parent_calls, from_parent_paths, pct) VALUES(121,120,1144,253,1,0);
INSERT INTO children(self_id, parent_id, from_parent_count, from_parent_calls, from_parent_paths, pct) VALUES(122,120,1144,253,1,0);
INSERT INTO children(self_id, parent_id, from_parent_count, from_parent_calls, from_parent_paths, pct) VALUES(123,120,1144,253,1,0);
INSERT INTO children(self_id, parent_id, from_parent_count, from_parent_calls, from_parent_paths, pct) VALUES(124,120,1144,253,1,0);
INSERT INTO children(self_id, parent_id, from_parent_count, from_parent_calls, from_parent_paths, pct) VALUES(125,120,1144,253,1,0);
INSERT INTO children(self_id, parent_id, from_parent_count, from_parent_calls, from_parent_paths, pct) VALUES(126,120,1144,253,1,0);
INSERT INTO children(self_id, parent_id, from_parent_count, from_parent_calls, from_parent_paths, pct) VALUES(127,120,1144,253,1,0);
INSERT INTO children(self_id, parent_id, from_parent_count, from_parent_calls, from_parent_paths, pct) VALUES(128,120,1144,253,1,0);
INSERT INTO children(self_id, parent_id, from_parent_count, from_parent_calls, from_parent_paths, pct) VALUES(129,120,1144,253,1,0);
INSERT INTO children(self_id, parent_id, from_parent_count, from_parent_calls, from_parent_paths, pct) VALUES(130,120,1144,253,1,0);
INSERT INTO children(self_id, parent_id, from_parent_count, from_parent_calls, from_parent_paths, pct) VALUES(131,120,1144,253,1,0);
INSERT INTO children(self_id, parent_id, from_parent_count, from_parent_calls, from_parent_paths, pct) VALUES(132,120,1144,253,1,0);
INSERT INTO children(self_id, parent_id, from_parent_count, from_parent_calls, from_parent_paths, pct) VALUES(133,15,16308,3157,2,0);
INSERT INTO children(self_id, parent_id, from_parent_count, from_parent_calls, from_parent_paths, pct) VALUES(134,133,1144,253,1,0);
INSERT INTO children(self_id, parent_id, from_parent_count, from_parent_calls, from_parent_paths, pct) VALUES(135,133,1144,253,1,0);
INSERT INTO children(self_id, parent_id, from_parent_count, from_parent_calls, from_parent_paths, pct) VALUES(136,133,1144,253,1,0);
INSERT INTO children(self_id, parent_id, from_parent_count, from_parent_calls, from_parent_paths, pct) VALUES(137,133,1144,253,1,0);
INSERT INTO children(self_id, parent_id, from_parent_count, from_parent_calls, from_parent_paths, pct) VALUES(138,133,1144,253,1,0);
INSERT INTO children(self_id, parent_id, from_parent_count, from_parent_calls, from_parent_paths, pct) VALUES(139,133,1144,253,1,0);
INSERT INTO children(self_id, parent_id, from_parent_count, from_parent_calls, from_parent_paths, pct) VALUES(140,133,1144,253,1,0);
INSERT INTO children(self_id, parent_id, from_parent_count, from_parent_calls, from_parent_paths, pct) VALUES(141,133,1144,253,1,0);
INSERT INTO children(self_id, parent_id, from_parent_count, from_parent_calls, from_parent_paths, pct) VALUES(142,133,1144,253,1,0);
INSERT INTO children(self_id, parent_id, from_parent_count, from_parent_calls, from_parent_paths, pct) VALUES(143,133,1144,253,1,0);
INSERT INTO children(self_id, parent_id, from_parent_count, from_parent_calls, from_parent_paths, pct) VALUES(144,133,1144,253,1,0);
INSERT INTO children(self_id, parent_id, from_parent_count, from_parent_calls, from_parent_paths, pct) VALUES(145,133,1144,253,1,0);
INSERT INTO children(self_id, parent_id, from_parent_count, from_parent_calls, from_parent_paths, pct) VALUES(146,14,0,0,0,0);
INSERT INTO children(self_id, parent_id, from_parent_count, from_parent_calls, from_parent_paths, pct) VALUES(147,146,0,0,0,0);
INSERT INTO children(self_id, parent_id, from_parent_count, from_parent_calls, from_parent_paths, pct) VALUES(148,14,120,0,3,0);
INSERT INTO mainrows(id, symbol_id, self_count, cumulative_count, kids, self_calls, total_calls, self_paths, total_paths, pct) VALUES(149, 149, 10240, 10240, 2, 7, 2560, 4, 4, 0.0);
INSERT INTO mainrows(id, symbol_id, self_count, cumulative_count, kids, self_calls, total_calls, self_paths, total_paths, pct) VALUES(150, 150, 40, 40, 1, 7, 10, 1, 1, 0.0);
INSERT INTO mainrows(id, symbol_id, self_count, cumulative_count, kids, self_calls, total_calls, self_paths, total_paths, pct) VALUES(151, 151, 0, 0, 0, 0, 0, 0, 0, 0.0);
INSERT INTO mainrows(id, symbol_id, self_count, cumulative_count, kids, self_calls, total_calls, self_paths, total_paths, pct) VALUES(152, 152, 10200, 10200, 0, 0, 2550, 3, 3, 0.0);
INSERT INTO parents(self_id, child_id, to_child_count, to_child_calls, to_child_paths, pct) VALUES(10,149,0,0,0,0);
INSERT INTO parents(self_id, child_id, to_child_count, to_child_calls, to_child_paths, pct) VALUES(149,150,40,10,1,0);
INSERT INTO parents(self_id, child_id, to_child_count, to_child_calls, to_child_paths, pct) VALUES(150,151,0,0,0,0);
INSERT INTO parents(self_id, child_id, to_child_count, to_child_calls, to_child_paths, pct) VALUES(149,152,10200,2550,3,0);
INSERT INTO children(self_id, parent_id, from_parent_count, from_parent_calls, from_parent_paths, pct) VALUES(149,10,10240,7,0,0);
INSERT INTO children(self_id, parent_id, from_parent_count, from_parent_calls, from_parent_paths, pct) VALUES(150,149,40,7,1,0);
INSERT INTO children(self_id, parent_id, from_parent_count, from_parent_calls, from_parent_paths, pct) VALUES(151,150,0,0,0,0);
INSERT INTO children(self_id, parent_id, from_parent_count, from_parent_calls, from_parent_paths, pct) VALUES(152,149,10200,0,3,0);
INSERT INTO mainrows(id, symbol_id, self_count, cumulative_count, kids, self_calls, total_calls, self_paths, total_paths, pct) VALUES(153, 153, 520, 520, 2, 101, 130, 5, 5, 0.0);
INSERT INTO mainrows(id, symbol_id, self_count, cumulative_count, kids, self_calls, total_calls, self_paths, total_paths, pct) VALUES(154, 154, 424, 424, 0, 95, 106, 1, 1, 0.0);
INSERT INTO mainrows(id, symbol_id, self_count, cumulative_count, kids, self_calls, total_calls, self_paths, total_paths, pct) VALUES(155, 155, 96, 96, 2, 6, 24, 4, 4, 0.0);
INSERT INTO mainrows(id, symbol_id, self_count, cumulative_count, kids, self_calls, total_calls, self_paths, total_paths, pct) VALUES(156, 156, 48, 48, 0, 4294967294, 12, 2, 2, 0.0);
INSERT INTO mainrows(id, symbol_id, self_count, cumulative_count, kids, self_calls, total_calls, self_paths, total_paths, pct) VALUES(157, 157, 0, 0, 0, 0, 0, 0, 0, 0.0);
INSERT INTO parents(self_id, child_id, to_child_count, to_child_calls, to_child_paths, pct) VALUES(10,153,0,0,0,0);
INSERT INTO parents(self_id, child_id, to_child_count, to_child_calls, to_child_paths, pct) VALUES(153,154,424,106,1,0);
INSERT INTO parents(self_id, child_id, to_child_count, to_child_calls, to_child_paths, pct) VALUES(153,155,48,12,2,0);
INSERT INTO parents(self_id, child_id, to_child_count, to_child_calls, to_child_paths, pct) VALUES(155,156,48,12,2,0);
INSERT INTO parents(self_id, child_id, to_child_count, to_child_calls, to_child_paths, pct) VALUES(155,157,0,0,0,0);
INSERT INTO children(self_id, parent_id, from_parent_count, from_parent_calls, from_parent_paths, pct) VALUES(153,10,520,101,0,0);
INSERT INTO children(self_id, parent_id, from_parent_count, from_parent_calls, from_parent_paths, pct) VALUES(154,153,424,95,1,0);
INSERT INTO children(self_id, parent_id, from_parent_count, from_parent_calls, from_parent_paths, pct) VALUES(155,153,96,6,2,0);
INSERT INTO children(self_id, parent_id, from_parent_count, from_parent_calls, from_parent_paths, pct) VALUES(156,155,48,4294967294,2,0);
INSERT INTO children(self_id, parent_id, from_parent_count, from_parent_calls, from_parent_paths, pct) VALUES(157,155,0,0,0,0);
INSERT INTO mainrows(id, symbol_id, self_count, cumulative_count, kids, self_calls, total_calls, self_paths, total_paths, pct) VALUES(158, 158, 36088, 36088, 3, 8650, 9022, 2, 2, 0.0);
INSERT INTO mainrows(id, symbol_id, self_count, cumulative_count, kids, self_calls, total_calls, self_paths, total_paths, pct) VALUES(159, 159, 0, 0, 0, 0, 0, 0, 0, 0.0);
INSERT INTO mainrows(id, symbol_id, self_count, cumulative_count, kids, self_calls, total_calls, self_paths, total_paths, pct) VALUES(160, 160, 36088, 36088, 0, 8650, 9022, 2, 2, 0.0);
INSERT INTO mainrows(id, symbol_id, self_count, cumulative_count, kids, self_calls, total_calls, self_paths, total_paths, pct) VALUES(161, 161, 0, 0, 0, 0, 0, 0, 0, 0.0);
INSERT INTO parents(self_id, child_id, to_child_count, to_child_calls, to_child_paths, pct) VALUES(10,158,0,0,0,0);
INSERT INTO parents(self_id, child_id, to_child_count, to_child_calls, to_child_paths, pct) VALUES(158,159,0,0,0,0);
INSERT INTO parents(self_id, child_id, to_child_count, to_child_calls, to_child_paths, pct) VALUES(158,160,36088,9022,2,0);
INSERT INTO parents(self_id, child_id, to_child_count, to_child_calls, to_child_paths, pct) VALUES(158,161,0,0,0,0);
INSERT INTO children(self_id, parent_id, from_parent_count, from_parent_calls, from_parent_paths, pct) VALUES(158,10,36088,8650,0,0);
INSERT INTO children(self_id, parent_id, from_parent_count, from_parent_calls, from_parent_paths, pct) VALUES(159,158,0,0,0,0);
INSERT INTO children(self_id, parent_id, from_parent_count, from_parent_calls, from_parent_paths, pct) VALUES(160,158,36088,8650,2,0);
INSERT INTO children(self_id, parent_id, from_parent_count, from_parent_calls, from_parent_paths, pct) VALUES(161,158,0,0,0,0);
INSERT INTO mainrows(id, symbol_id, self_count, cumulative_count, kids, self_calls, total_calls, self_paths, total_paths, pct) VALUES(162, 162, 16408, 16408, 5, 3729, 4102, 11, 11, 0.0);
INSERT INTO mainrows(id, symbol_id, self_count, cumulative_count, kids, self_calls, total_calls, self_paths, total_paths, pct) VALUES(163, 163, 15200, 15200, 0, 3585, 3800, 3, 3, 0.0);
INSERT INTO mainrows(id, symbol_id, self_count, cumulative_count, kids, self_calls, total_calls, self_paths, total_paths, pct) VALUES(164, 164, 768, 768, 0, 138, 192, 3, 3, 0.0);
INSERT INTO mainrows(id, symbol_id, self_count, cumulative_count, kids, self_calls, total_calls, self_paths, total_paths, pct) VALUES(165, 165, 384, 384, 0, 4294967292, 96, 4, 4, 0.0);
INSERT INTO mainrows(id, symbol_id, self_count, cumulative_count, kids, self_calls, total_calls, self_paths, total_paths, pct) VALUES(166, 166, 56, 56, 1, 10, 14, 1, 1, 0.0);
INSERT INTO mainrows(id, symbol_id, self_count, cumulative_count, kids, self_calls, total_calls, self_paths, total_paths, pct) VALUES(167, 167, 0, 0, 0, 0, 0, 0, 0, 0.0);
INSERT INTO mainrows(id, symbol_id, self_count, cumulative_count, kids, self_calls, total_calls, self_paths, total_paths, pct) VALUES(168, 168, 0, 0, 0, 0, 0, 0, 0, 0.0);
INSERT INTO parents(self_id, child_id, to_child_count, to_child_calls, to_child_paths, pct) VALUES(10,162,0,0,0,0);
INSERT INTO parents(self_id, child_id, to_child_count, to_child_calls, to_child_paths, pct) VALUES(162,163,15200,3800,3,0);
INSERT INTO parents(self_id, child_id, to_child_count, to_child_calls, to_child_paths, pct) VALUES(162,164,768,192,3,0);
INSERT INTO parents(self_id, child_id, to_child_count, to_child_calls, to_child_paths, pct) VALUES(162,165,384,96,4,0);
INSERT INTO parents(self_id, child_id, to_child_count, to_child_calls, to_child_paths, pct) VALUES(162,166,56,14,1,0);
INSERT INTO parents(self_id, child_id, to_child_count, to_child_calls, to_child_paths, pct) VALUES(166,167,0,0,0,0);
INSERT INTO parents(self_id, child_id, to_child_count, to_child_calls, to_child_paths, pct) VALUES(162,168,0,0,0,0);
INSERT INTO children(self_id, parent_id, from_parent_count, from_parent_calls, from_parent_paths, pct) VALUES(162,10,16408,3729,0,0);
INSERT INTO children(self_id, parent_id, from_parent_count, from_parent_calls, from_parent_paths, pct) VALUES(163,162,15200,3585,3,0);
INSERT INTO children(self_id, parent_id, from_parent_count, from_parent_calls, from_parent_paths, pct) VALUES(164,162,768,138,3,0);
INSERT INTO children(self_id, parent_id, from_parent_count, from_parent_calls, from_parent_paths, pct) VALUES(165,162,384,4294967292,4,0);
INSERT INTO children(self_id, parent_id, from_parent_count, from_parent_calls, from_parent_paths, pct) VALUES(166,162,56,10,1,0);
INSERT INTO children(self_id, parent_id, from_parent_count, from_parent_calls, from_parent_paths, pct) VALUES(167,166,0,0,0,0);
INSERT INTO children(self_id, parent_id, from_parent_count, from_parent_calls, from_parent_paths, pct) VALUES(168,162,0,0,0,0);
INSERT INTO mainrows(id, symbol_id, self_count, cumulative_count, kids, self_calls, total_calls, self_paths, total_paths, pct) VALUES(169, 169, 3297504, 3297504, 4, 728207, 787776, 387, 387, 0.0);
INSERT INTO mainrows(id, symbol_id, self_count, cumulative_count, kids, self_calls, total_calls, self_paths, total_paths, pct) VALUES(170, 170, 3226096, 3226096, 1, 717098, 769924, 236, 236, 0.0);
INSERT INTO mainrows(id, symbol_id, self_count, cumulative_count, kids, self_calls, total_calls, self_paths, total_paths, pct) VALUES(171, 171, 3226096, 3226096, 5, 717098, 769924, 236, 236, 0.0);
INSERT INTO mainrows(id, symbol_id, self_count, cumulative_count, kids, self_calls, total_calls, self_paths, total_paths, pct) VALUES(172, 172, 2047896, 2047896, 1, 481907, 499774, 84, 84, 0.0);
INSERT INTO mainrows(id, symbol_id, self_count, cumulative_count, kids, self_calls, total_calls, self_paths, total_paths, pct) VALUES(173, 173, 2047896, 2047896, 0, 481907, 499774, 84, 84, 0.0);
INSERT INTO mainrows(id, symbol_id, self_count, cumulative_count, kids, self_calls, total_calls, self_paths, total_paths, pct) VALUES(174, 174, 575896, 575896, 1, 117321, 131774, 68, 68, 0.0);
INSERT INTO mainrows(id, symbol_id, self_count, cumulative_count, kids, self_calls, total_calls, self_paths, total_paths, pct) VALUES(175, 175, 575896, 575896, 0, 117321, 131774, 68, 68, 0.0);
INSERT INTO mainrows(id, symbol_id, self_count, cumulative_count, kids, self_calls, total_calls, self_paths, total_paths, pct) VALUES(176, 176, 16824, 16824, 0, 1476, 4206, 12, 12, 0.0);
INSERT INTO mainrows(id, symbol_id, self_count, cumulative_count, kids, self_calls, total_calls, self_paths, total_paths, pct) VALUES(177, 177, 575896, 575896, 1, 116394, 131774, 68, 68, 0.0);
INSERT INTO mainrows(id, symbol_id, self_count, cumulative_count, kids, self_calls, total_calls, self_paths, total_paths, pct) VALUES(178, 178, 575896, 575896, 0, 116394, 131774, 68, 68, 0.0);
INSERT INTO mainrows(id, symbol_id, self_count, cumulative_count, kids, self_calls, total_calls, self_paths, total_paths, pct) VALUES(179, 179, 9584, 9584, 0, 0, 2396, 4, 4, 0.0);
INSERT INTO mainrows(id, symbol_id, self_count, cumulative_count, kids, self_calls, total_calls, self_paths, total_paths, pct) VALUES(180, 180, 18384, 18384, 2, 1018, 4596, 79, 79, 0.0);
INSERT INTO mainrows(id, symbol_id, self_count, cumulative_count, kids, self_calls, total_calls, self_paths, total_paths, pct) VALUES(181, 181, 8656, 8656, 0, 521, 2164, 40, 40, 0.0);
INSERT INTO mainrows(id, symbol_id, self_count, cumulative_count, kids, self_calls, total_calls, self_paths, total_paths, pct) VALUES(182, 182, 9728, 9728, 0, 497, 2432, 39, 39, 0.0);
INSERT INTO mainrows(id, symbol_id, self_count, cumulative_count, kids, self_calls, total_calls, self_paths, total_paths, pct) VALUES(183, 183, 51000, 51000, 2, 9776, 12750, 66, 66, 0.0);
INSERT INTO mainrows(id, symbol_id, self_count, cumulative_count, kids, self_calls, total_calls, self_paths, total_paths, pct) VALUES(184, 184, 39200, 39200, 4, 9731, 9800, 58, 58, 0.0);
INSERT INTO mainrows(id, symbol_id, self_count, cumulative_count, kids, self_calls, total_calls, self_paths, total_paths, pct) VALUES(185, 185, 18400, 18400, 2, 4554, 4600, 26, 26, 0.0);
INSERT INTO mainrows(id, symbol_id, self_count, cumulative_count, kids, self_calls, total_calls, self_paths, total_paths, pct) VALUES(186, 186, 9200, 9200, 9, 2279, 2300, 13, 13, 0.0);
INSERT INTO mainrows(id, symbol_id, self_count, cumulative_count, kids, self_calls, total_calls, self_paths, total_paths, pct) VALUES(187, 187, 800, 800, 0, 198, 200, 1, 1, 0.0);
INSERT INTO mainrows(id, symbol_id, self_count, cumulative_count, kids, self_calls, total_calls, self_paths, total_paths, pct) VALUES(188, 188, 800, 800, 0, 198, 200, 1, 1, 0.0);
INSERT INTO mainrows(id, symbol_id, self_count, cumulative_count, kids, self_calls, total_calls, self_paths, total_paths, pct) VALUES(189, 189, 800, 800, 0, 197, 200, 1, 1, 0.0);
INSERT INTO mainrows(id, symbol_id, self_count, cumulative_count, kids, self_calls, total_calls, self_paths, total_paths, pct) VALUES(190, 190, 800, 800, 0, 198, 200, 1, 1, 0.0);
INSERT INTO mainrows(id, symbol_id, self_count, cumulative_count, kids, self_calls, total_calls, self_paths, total_paths, pct) VALUES(191, 191, 800, 800, 0, 198, 200, 1, 1, 0.0);
INSERT INTO mainrows(id, symbol_id, self_count, cumulative_count, kids, self_calls, total_calls, self_paths, total_paths, pct) VALUES(192, 192, 800, 800, 0, 198, 200, 1, 1, 0.0);
INSERT INTO mainrows(id, symbol_id, self_count, cumulative_count, kids, self_calls, total_calls, self_paths, total_paths, pct) VALUES(193, 193, 800, 800, 0, 198, 200, 1, 1, 0.0);
INSERT INTO mainrows(id, symbol_id, self_count, cumulative_count, kids, self_calls, total_calls, self_paths, total_paths, pct) VALUES(194, 194, 800, 800, 0, 198, 200, 1, 1, 0.0);
INSERT INTO mainrows(id, symbol_id, self_count, cumulative_count, kids, self_calls, total_calls, self_paths, total_paths, pct) VALUES(195, 195, 800, 800, 0, 198, 200, 1, 1, 0.0);
INSERT INTO mainrows(id, symbol_id, self_count, cumulative_count, kids, self_calls, total_calls, self_paths, total_paths, pct) VALUES(196, 196, 9200, 9200, 9, 2275, 2300, 13, 13, 0.0);
INSERT INTO mainrows(id, symbol_id, self_count, cumulative_count, kids, self_calls, total_calls, self_paths, total_paths, pct) VALUES(197, 197, 800, 800, 0, 197, 200, 1, 1, 0.0);
INSERT INTO mainrows(id, symbol_id, self_count, cumulative_count, kids, self_calls, total_calls, self_paths, total_paths, pct) VALUES(198, 198, 800, 800, 0, 198, 200, 1, 1, 0.0);
INSERT INTO mainrows(id, symbol_id, self_count, cumulative_count, kids, self_calls, total_calls, self_paths, total_paths, pct) VALUES(199, 199, 800, 800, 0, 198, 200, 1, 1, 0.0);
INSERT INTO mainrows(id, symbol_id, self_count, cumulative_count, kids, self_calls, total_calls, self_paths, total_paths, pct) VALUES(200, 200, 800, 800, 0, 198, 200, 1, 1, 0.0);
INSERT INTO mainrows(id, symbol_id, self_count, cumulative_count, kids, self_calls, total_calls, self_paths, total_paths, pct) VALUES(201, 201, 800, 800, 0, 197, 200, 1, 1, 0.0);
INSERT INTO mainrows(id, symbol_id, self_count, cumulative_count, kids, self_calls, total_calls, self_paths, total_paths, pct) VALUES(202, 202, 800, 800, 0, 197, 200, 1, 1, 0.0);
INSERT INTO mainrows(id, symbol_id, self_count, cumulative_count, kids, self_calls, total_calls, self_paths, total_paths, pct) VALUES(203, 203, 800, 800, 0, 198, 200, 1, 1, 0.0);
INSERT INTO mainrows(id, symbol_id, self_count, cumulative_count, kids, self_calls, total_calls, self_paths, total_paths, pct) VALUES(204, 204, 800, 800, 0, 197, 200, 1, 1, 0.0);
INSERT INTO mainrows(id, symbol_id, self_count, cumulative_count, kids, self_calls, total_calls, self_paths, total_paths, pct) VALUES(205, 205, 800, 800, 0, 197, 200, 1, 1, 0.0);
INSERT INTO mainrows(id, symbol_id, self_count, cumulative_count, kids, self_calls, total_calls, self_paths, total_paths, pct) VALUES(206, 206, 5200, 5200, 4, 1300, 1300, 8, 8, 0.0);
INSERT INTO mainrows(id, symbol_id, self_count, cumulative_count, kids, self_calls, total_calls, self_paths, total_paths, pct) VALUES(207, 207, 800, 800, 0, 200, 200, 1, 1, 0.0);
INSERT INTO mainrows(id, symbol_id, self_count, cumulative_count, kids, self_calls, total_calls, self_paths, total_paths, pct) VALUES(208, 208, 800, 800, 0, 200, 200, 1, 1, 0.0);
INSERT INTO mainrows(id, symbol_id, self_count, cumulative_count, kids, self_calls, total_calls, self_paths, total_paths, pct) VALUES(209, 209, 800, 800, 0, 200, 200, 1, 1, 0.0);
INSERT INTO mainrows(id, symbol_id, self_count, cumulative_count, kids, self_calls, total_calls, self_paths, total_paths, pct) VALUES(210, 210, 800, 800, 0, 200, 200, 1, 1, 0.0);
INSERT INTO mainrows(id, symbol_id, self_count, cumulative_count, kids, self_calls, total_calls, self_paths, total_paths, pct) VALUES(211, 211, 8800, 8800, 2, 2177, 2200, 14, 14, 0.0);
INSERT INTO mainrows(id, symbol_id, self_count, cumulative_count, kids, self_calls, total_calls, self_paths, total_paths, pct) VALUES(212, 212, 4400, 4400, 3, 1089, 1100, 7, 7, 0.0);
INSERT INTO mainrows(id, symbol_id, self_count, cumulative_count, kids, self_calls, total_calls, self_paths, total_paths, pct) VALUES(213, 213, 800, 800, 0, 198, 200, 1, 1, 0.0);
INSERT INTO mainrows(id, symbol_id, self_count, cumulative_count, kids, self_calls, total_calls, self_paths, total_paths, pct) VALUES(214, 214, 800, 800, 0, 197, 200, 1, 1, 0.0);
INSERT INTO mainrows(id, symbol_id, self_count, cumulative_count, kids, self_calls, total_calls, self_paths, total_paths, pct) VALUES(215, 215, 800, 800, 0, 197, 200, 1, 1, 0.0);
INSERT INTO mainrows(id, symbol_id, self_count, cumulative_count, kids, self_calls, total_calls, self_paths, total_paths, pct) VALUES(216, 216, 4400, 4400, 3, 1088, 1100, 7, 7, 0.0);
INSERT INTO mainrows(id, symbol_id, self_count, cumulative_count, kids, self_calls, total_calls, self_paths, total_paths, pct) VALUES(217, 217, 800, 800, 0, 197, 200, 1, 1, 0.0);
INSERT INTO mainrows(id, symbol_id, self_count, cumulative_count, kids, self_calls, total_calls, self_paths, total_paths, pct) VALUES(218, 218, 800, 800, 0, 197, 200, 1, 1, 0.0);
INSERT INTO mainrows(id, symbol_id, self_count, cumulative_count, kids, self_calls, total_calls, self_paths, total_paths, pct) VALUES(219, 219, 800, 800, 0, 197, 200, 1, 1, 0.0);
INSERT INTO mainrows(id, symbol_id, self_count, cumulative_count, kids, self_calls, total_calls, self_paths, total_paths, pct) VALUES(220, 220, 6800, 6800, 6, 1700, 1700, 10, 10, 0.0);
INSERT INTO mainrows(id, symbol_id, self_count, cumulative_count, kids, self_calls, total_calls, self_paths, total_paths, pct) VALUES(221, 221, 800, 800, 0, 200, 200, 1, 1, 0.0);
INSERT INTO mainrows(id, symbol_id, self_count, cumulative_count, kids, self_calls, total_calls, self_paths, total_paths, pct) VALUES(222, 222, 800, 800, 0, 200, 200, 1, 1, 0.0);
INSERT INTO mainrows(id, symbol_id, self_count, cumulative_count, kids, self_calls, total_calls, self_paths, total_paths, pct) VALUES(223, 223, 800, 800, 0, 200, 200, 1, 1, 0.0);
INSERT INTO mainrows(id, symbol_id, self_count, cumulative_count, kids, self_calls, total_calls, self_paths, total_paths, pct) VALUES(224, 224, 800, 800, 0, 200, 200, 1, 1, 0.0);
INSERT INTO mainrows(id, symbol_id, self_count, cumulative_count, kids, self_calls, total_calls, self_paths, total_paths, pct) VALUES(225, 225, 800, 800, 0, 200, 200, 1, 1, 0.0);
INSERT INTO mainrows(id, symbol_id, self_count, cumulative_count, kids, self_calls, total_calls, self_paths, total_paths, pct) VALUES(226, 226, 800, 800, 0, 200, 200, 1, 1, 0.0);
INSERT INTO mainrows(id, symbol_id, self_count, cumulative_count, kids, self_calls, total_calls, self_paths, total_paths, pct) VALUES(227, 227, 11800, 11800, 1, 45, 2950, 8, 8, 0.0);
INSERT INTO mainrows(id, symbol_id, self_count, cumulative_count, kids, self_calls, total_calls, self_paths, total_paths, pct) VALUES(228, 228, 11800, 11800, 0, 45, 2950, 8, 8, 0.0);
INSERT INTO mainrows(id, symbol_id, self_count, cumulative_count, kids, self_calls, total_calls, self_paths, total_paths, pct) VALUES(229, 229, 2024, 2024, 1, 315, 506, 6, 6, 0.0);
INSERT INTO mainrows(id, symbol_id, self_count, cumulative_count, kids, self_calls, total_calls, self_paths, total_paths, pct) VALUES(230, 230, 2024, 2024, 2, 315, 506, 6, 6, 0.0);
INSERT INTO mainrows(id, symbol_id, self_count, cumulative_count, kids, self_calls, total_calls, self_paths, total_paths, pct) VALUES(231, 231, 1864, 1864, 0, 284, 466, 5, 5, 0.0);
INSERT INTO mainrows(id, symbol_id, self_count, cumulative_count, kids, self_calls, total_calls, self_paths, total_paths, pct) VALUES(232, 232, 160, 160, 0, 31, 40, 1, 1, 0.0);
INSERT INTO parents(self_id, child_id, to_child_count, to_child_calls, to_child_paths, pct) VALUES(10,169,0,0,0,0);
INSERT INTO parents(self_id, child_id, to_child_count, to_child_calls, to_child_paths, pct) VALUES(169,170,0,0,0,0);
INSERT INTO parents(self_id, child_id, to_child_count, to_child_calls, to_child_paths, pct) VALUES(170,171,0,0,0,0);
INSERT INTO parents(self_id, child_id, to_child_count, to_child_calls, to_child_paths, pct) VALUES(171,172,0,0,0,0);
INSERT INTO parents(self_id, child_id, to_child_count, to_child_calls, to_child_paths, pct) VALUES(172,173,2047896,499774,84,0);
INSERT INTO parents(self_id, child_id, to_child_count, to_child_calls, to_child_paths, pct) VALUES(171,174,0,0,0,0);
INSERT INTO parents(self_id, child_id, to_child_count, to_child_calls, to_child_paths, pct) VALUES(174,175,575896,131774,68,0);
INSERT INTO parents(self_id, child_id, to_child_count, to_child_calls, to_child_paths, pct) VALUES(171,176,16824,4206,12,0);
INSERT INTO parents(self_id, child_id, to_child_count, to_child_calls, to_child_paths, pct) VALUES(171,177,0,0,0,0);
INSERT INTO parents(self_id, child_id, to_child_count, to_child_calls, to_child_paths, pct) VALUES(177,178,575896,131774,68,0);
INSERT INTO parents(self_id, child_id, to_child_count, to_child_calls, to_child_paths, pct) VALUES(171,179,9584,2396,4,0);
INSERT INTO parents(self_id, child_id, to_child_count, to_child_calls, to_child_paths, pct) VALUES(169,180,0,0,0,0);
INSERT INTO parents(self_id, child_id, to_child_count, to_child_calls, to_child_paths, pct) VALUES(180,181,8656,2164,40,0);
INSERT INTO parents(self_id, child_id, to_child_count, to_child_calls, to_child_paths, pct) VALUES(180,182,9728,2432,39,0);
INSERT INTO parents(self_id, child_id, to_child_count, to_child_calls, to_child_paths, pct) VALUES(169,183,0,0,0,0);
INSERT INTO parents(self_id, child_id, to_child_count, to_child_calls, to_child_paths, pct) VALUES(183,184,0,0,0,0);
INSERT INTO parents(self_id, child_id, to_child_count, to_child_calls, to_child_paths, pct) VALUES(184,185,0,0,0,0);
INSERT INTO parents(self_id, child_id, to_child_count, to_child_calls, to_child_paths, pct) VALUES(185,186,2000,500,4,0);
INSERT INTO parents(self_id, child_id, to_child_count, to_child_calls, to_child_paths, pct) VALUES(186,187,800,200,1,0);
INSERT INTO parents(self_id, child_id, to_child_count, to_child_calls, to_child_paths, pct) VALUES(186,188,800,200,1,0);
INSERT INTO parents(self_id, child_id, to_child_count, to_child_calls, to_child_paths, pct) VALUES(186,189,800,200,1,0);
INSERT INTO parents(self_id, child_id, to_child_count, to_child_calls, to_child_paths, pct) VALUES(186,190,800,200,1,0);
INSERT INTO parents(self_id, child_id, to_child_count, to_child_calls, to_child_paths, pct) VALUES(186,191,800,200,1,0);
INSERT INTO parents(self_id, child_id, to_child_count, to_child_calls, to_child_paths, pct) VALUES(186,192,800,200,1,0);
INSERT INTO parents(self_id, child_id, to_child_count, to_child_calls, to_child_paths, pct) VALUES(186,193,800,200,1,0);
INSERT INTO parents(self_id, child_id, to_child_count, to_child_calls, to_child_paths, pct) VALUES(186,194,800,200,1,0);
INSERT INTO parents(self_id, child_id, to_child_count, to_child_calls, to_child_paths, pct) VALUES(186,195,800,200,1,0);
INSERT INTO parents(self_id, child_id, to_child_count, to_child_calls, to_child_paths, pct) VALUES(185,196,2000,500,4,0);
INSERT INTO parents(self_id, child_id, to_child_count, to_child_calls, to_child_paths, pct) VALUES(196,197,800,200,1,0);
INSERT INTO parents(self_id, child_id, to_child_count, to_child_calls, to_child_paths, pct) VALUES(196,198,800,200,1,0);
INSERT INTO parents(self_id, child_id, to_child_count, to_child_calls, to_child_paths, pct) VALUES(196,199,800,200,1,0);
INSERT INTO parents(self_id, child_id, to_child_count, to_child_calls, to_child_paths, pct) VALUES(196,200,800,200,1,0);
INSERT INTO parents(self_id, child_id, to_child_count, to_child_calls, to_child_paths, pct) VALUES(196,201,800,200,1,0);
INSERT INTO parents(self_id, child_id, to_child_count, to_child_calls, to_child_paths, pct) VALUES(196,202,800,200,1,0);
INSERT INTO parents(self_id, child_id, to_child_count, to_child_calls, to_child_paths, pct) VALUES(196,203,800,200,1,0);
INSERT INTO parents(self_id, child_id, to_child_count, to_child_calls, to_child_paths, pct) VALUES(196,204,800,200,1,0);
INSERT INTO parents(self_id, child_id, to_child_count, to_child_calls, to_child_paths, pct) VALUES(196,205,800,200,1,0);
INSERT INTO parents(self_id, child_id, to_child_count, to_child_calls, to_child_paths, pct) VALUES(184,206,2000,500,4,0);
INSERT INTO parents(self_id, child_id, to_child_count, to_child_calls, to_child_paths, pct) VALUES(206,207,800,200,1,0);
INSERT INTO parents(self_id, child_id, to_child_count, to_child_calls, to_child_paths, pct) VALUES(206,208,800,200,1,0);
INSERT INTO parents(self_id, child_id, to_child_count, to_child_calls, to_child_paths, pct) VALUES(206,209,800,200,1,0);
INSERT INTO parents(self_id, child_id, to_child_count, to_child_calls, to_child_paths, pct) VALUES(206,210,800,200,1,0);
INSERT INTO parents(self_id, child_id, to_child_count, to_child_calls, to_child_paths, pct) VALUES(184,211,0,0,0,0);
INSERT INTO parents(self_id, child_id, to_child_count, to_child_calls, to_child_paths, pct) VALUES(211,212,2000,500,4,0);
INSERT INTO parents(self_id, child_id, to_child_count, to_child_calls, to_child_paths, pct) VALUES(212,213,800,200,1,0);
INSERT INTO parents(self_id, child_id, to_child_count, to_child_calls, to_child_paths, pct) VALUES(212,214,800,200,1,0);
INSERT INTO parents(self_id, child_id, to_child_count, to_child_calls, to_child_paths, pct) VALUES(212,215,800,200,1,0);
INSERT INTO parents(self_id, child_id, to_child_count, to_child_calls, to_child_paths, pct) VALUES(211,216,2000,500,4,0);
INSERT INTO parents(self_id, child_id, to_child_count, to_child_calls, to_child_paths, pct) VALUES(216,217,800,200,1,0);
INSERT INTO parents(self_id, child_id, to_child_count, to_child_calls, to_child_paths, pct) VALUES(216,218,800,200,1,0);
INSERT INTO parents(self_id, child_id, to_child_count, to_child_calls, to_child_paths, pct) VALUES(216,219,800,200,1,0);
INSERT INTO parents(self_id, child_id, to_child_count, to_child_calls, to_child_paths, pct) VALUES(184,220,2000,500,4,0);
INSERT INTO parents(self_id, child_id, to_child_count, to_child_calls, to_child_paths, pct) VALUES(220,221,800,200,1,0);
INSERT INTO parents(self_id, child_id, to_child_count, to_child_calls, to_child_paths, pct) VALUES(220,222,800,200,1,0);
INSERT INTO parents(self_id, child_id, to_child_count, to_child_calls, to_child_paths, pct) VALUES(220,223,800,200,1,0);
INSERT INTO parents(self_id, child_id, to_child_count, to_child_calls, to_child_paths, pct) VALUES(220,224,800,200,1,0);
INSERT INTO parents(self_id, child_id, to_child_count, to_child_calls, to_child_paths, pct) VALUES(220,225,800,200,1,0);
INSERT INTO parents(self_id, child_id, to_child_count, to_child_calls, to_child_paths, pct) VALUES(220,226,800,200,1,0);
INSERT INTO parents(self_id, child_id, to_child_count, to_child_calls, to_child_paths, pct) VALUES(183,227,0,0,0,0);
INSERT INTO parents(self_id, child_id, to_child_count, to_child_calls, to_child_paths, pct) VALUES(227,228,11800,2950,8,0);
INSERT INTO parents(self_id, child_id, to_child_count, to_child_calls, to_child_paths, pct) VALUES(169,229,0,0,0,0);
INSERT INTO parents(self_id, child_id, to_child_count, to_child_calls, to_child_paths, pct) VALUES(229,230,0,0,0,0);
INSERT INTO parents(self_id, child_id, to_child_count, to_child_calls, to_child_paths, pct) VALUES(230,231,1864,466,5,0);
INSERT INTO parents(self_id, child_id, to_child_count, to_child_calls, to_child_paths, pct) VALUES(230,232,160,40,1,0);
INSERT INTO children(self_id, parent_id, from_parent_count, from_parent_calls, from_parent_paths, pct) VALUES(169,10,3297504,728207,0,0);
INSERT INTO children(self_id, parent_id, from_parent_count, from_parent_calls, from_parent_paths, pct) VALUES(170,169,3226096,717098,0,0);
INSERT INTO children(self_id, parent_id, from_parent_count, from_parent_calls, from_parent_paths, pct) VALUES(171,170,3226096,717098,0,0);
INSERT INTO children(self_id, parent_id, from_parent_count, from_parent_calls, from_parent_paths, pct) VALUES(172,171,2047896,481907,0,0);
INSERT INTO children(self_id, parent_id, from_parent_count, from_parent_calls, from_parent_paths, pct) VALUES(173,172,2047896,481907,84,0);
INSERT INTO children(self_id, parent_id, from_parent_count, from_parent_calls, from_parent_paths, pct) VALUES(174,171,575896,117321,0,0);
INSERT INTO children(self_id, parent_id, from_parent_count, from_parent_calls, from_parent_paths, pct) VALUES(175,174,575896,117321,68,0);
INSERT INTO children(self_id, parent_id, from_parent_count, from_parent_calls, from_parent_paths, pct) VALUES(176,171,16824,1476,12,0);
INSERT INTO children(self_id, parent_id, from_parent_count, from_parent_calls, from_parent_paths, pct) VALUES(177,171,575896,116394,0,0);
INSERT INTO children(self_id, parent_id, from_parent_count, from_parent_calls, from_parent_paths, pct) VALUES(178,177,575896,116394,68,0);
INSERT INTO children(self_id, parent_id, from_parent_count, from_parent_calls, from_parent_paths, pct) VALUES(179,171,9584,0,4,0);
INSERT INTO children(self_id, parent_id, from_parent_count, from_parent_calls, from_parent_paths, pct) VALUES(180,169,18384,1018,0,0);
INSERT INTO children(self_id, parent_id, from_parent_count, from_parent_calls, from_parent_paths, pct) VALUES(181,180,8656,521,40,0);
INSERT INTO children(self_id, parent_id, from_parent_count, from_parent_calls, from_parent_paths, pct) VALUES(182,180,9728,497,39,0);
INSERT INTO children(self_id, parent_id, from_parent_count, from_parent_calls, from_parent_paths, pct) VALUES(183,169,51000,9776,0,0);
INSERT INTO children(self_id, parent_id, from_parent_count, from_parent_calls, from_parent_paths, pct) VALUES(184,183,39200,9731,0,0);
INSERT INTO children(self_id, parent_id, from_parent_count, from_parent_calls, from_parent_paths, pct) VALUES(185,184,18400,4554,0,0);
INSERT INTO children(self_id, parent_id, from_parent_count, from_parent_calls, from_parent_paths, pct) VALUES(186,185,9200,2279,4,0);
INSERT INTO children(self_id, parent_id, from_parent_count, from_parent_calls, from_parent_paths, pct) VALUES(187,186,800,198,1,0);
INSERT INTO children(self_id, parent_id, from_parent_count, from_parent_calls, from_parent_paths, pct) VALUES(188,186,800,198,1,0);
INSERT INTO children(self_id, parent_id, from_parent_count, from_parent_calls, from_parent_paths, pct) VALUES(189,186,800,197,1,0);
INSERT INTO children(self_id, parent_id, from_parent_count, from_parent_calls, from_parent_paths, pct) VALUES(190,186,800,198,1,0);
INSERT INTO children(self_id, parent_id, from_parent_count, from_parent_calls, from_parent_paths, pct) VALUES(191,186,800,198,1,0);
INSERT INTO children(self_id, parent_id, from_parent_count, from_parent_calls, from_parent_paths, pct) VALUES(192,186,800,198,1,0);
INSERT INTO children(self_id, parent_id, from_parent_count, from_parent_calls, from_parent_paths, pct) VALUES(193,186,800,198,1,0);
INSERT INTO children(self_id, parent_id, from_parent_count, from_parent_calls, from_parent_paths, pct) VALUES(194,186,800,198,1,0);
INSERT INTO children(self_id, parent_id, from_parent_count, from_parent_calls, from_parent_paths, pct) VALUES(195,186,800,198,1,0);
INSERT INTO children(self_id, parent_id, from_parent_count, from_parent_calls, from_parent_paths, pct) VALUES(196,185,9200,2275,4,0);
INSERT INTO children(self_id, parent_id, from_parent_count, from_parent_calls, from_parent_paths, pct) VALUES(197,196,800,197,1,0);
INSERT INTO children(self_id, parent_id, from_parent_count, from_parent_calls, from_parent_paths, pct) VALUES(198,196,800,198,1,0);
INSERT INTO children(self_id, parent_id, from_parent_count, from_parent_calls, from_parent_paths, pct) VALUES(199,196,800,198,1,0);
INSERT INTO children(self_id, parent_id, from_parent_count, from_parent_calls, from_parent_paths, pct) VALUES(200,196,800,198,1,0);
INSERT INTO children(self_id, parent_id, from_parent_count, from_parent_calls, from_parent_paths, pct) VALUES(201,196,800,197,1,0);
INSERT INTO children(self_id, parent_id, from_parent_count, from_parent_calls, from_parent_paths, pct) VALUES(202,196,800,197,1,0);
INSERT INTO children(self_id, parent_id, from_parent_count, from_parent_calls, from_parent_paths, pct) VALUES(203,196,800,198,1,0);
INSERT INTO children(self_id, parent_id, from_parent_count, from_parent_calls, from_parent_paths, pct) VALUES(204,196,800,197,1,0);
INSERT INTO children(self_id, parent_id, from_parent_count, from_parent_calls, from_parent_paths, pct) VALUES(205,196,800,197,1,0);
INSERT INTO children(self_id, parent_id, from_parent_count, from_parent_calls, from_parent_paths, pct) VALUES(206,184,5200,1300,4,0);
INSERT INTO children(self_id, parent_id, from_parent_count, from_parent_calls, from_parent_paths, pct) VALUES(207,206,800,200,1,0);
INSERT INTO children(self_id, parent_id, from_parent_count, from_parent_calls, from_parent_paths, pct) VALUES(208,206,800,200,1,0);
INSERT INTO children(self_id, parent_id, from_parent_count, from_parent_calls, from_parent_paths, pct) VALUES(209,206,800,200,1,0);
INSERT INTO children(self_id, parent_id, from_parent_count, from_parent_calls, from_parent_paths, pct) VALUES(210,206,800,200,1,0);
INSERT INTO children(self_id, parent_id, from_parent_count, from_parent_calls, from_parent_paths, pct) VALUES(211,184,8800,2177,0,0);
INSERT INTO children(self_id, parent_id, from_parent_count, from_parent_calls, from_parent_paths, pct) VALUES(212,211,4400,1089,4,0);
INSERT INTO children(self_id, parent_id, from_parent_count, from_parent_calls, from_parent_paths, pct) VALUES(213,212,800,198,1,0);
INSERT INTO children(self_id, parent_id, from_parent_count, from_parent_calls, from_parent_paths, pct) VALUES(214,212,800,197,1,0);
INSERT INTO children(self_id, parent_id, from_parent_count, from_parent_calls, from_parent_paths, pct) VALUES(215,212,800,197,1,0);
INSERT INTO children(self_id, parent_id, from_parent_count, from_parent_calls, from_parent_paths, pct) VALUES(216,211,4400,1088,4,0);
INSERT INTO children(self_id, parent_id, from_parent_count, from_parent_calls, from_parent_paths, pct) VALUES(217,216,800,197,1,0);
INSERT INTO children(self_id, parent_id, from_parent_count, from_parent_calls, from_parent_paths, pct) VALUES(218,216,800,197,1,0);
INSERT INTO children(self_id, parent_id, from_parent_count, from_parent_calls, from_parent_paths, pct) VALUES(219,216,800,197,1,0);
INSERT INTO children(self_id, parent_id, from_parent_count, from_parent_calls, from_parent_paths, pct) VALUES(220,184,6800,1700,4,0);
INSERT INTO children(self_id, parent_id, from_parent_count, from_parent_calls, from_parent_paths, pct) VALUES(221,220,800,200,1,0);
INSERT INTO children(self_id, parent_id, from_parent_count, from_parent_calls, from_parent_paths, pct) VALUES(222,220,800,200,1,0);
INSERT INTO children(self_id, parent_id, from_parent_count, from_parent_calls, from_parent_paths, pct) VALUES(223,220,800,200,1,0);
INSERT INTO children(self_id, parent_id, from_parent_count, from_parent_calls, from_parent_paths, pct) VALUES(224,220,800,200,1,0);
INSERT INTO children(self_id, parent_id, from_parent_count, from_parent_calls, from_parent_paths, pct) VALUES(225,220,800,200,1,0);
INSERT INTO children(self_id, parent_id, from_parent_count, from_parent_calls, from_parent_paths, pct) VALUES(226,220,800,200,1,0);
INSERT INTO children(self_id, parent_id, from_parent_count, from_parent_calls, from_parent_paths, pct) VALUES(227,183,11800,45,0,0);
INSERT INTO children(self_id, parent_id, from_parent_count, from_parent_calls, from_parent_paths, pct) VALUES(228,227,11800,45,8,0);
INSERT INTO children(self_id, parent_id, from_parent_count, from_parent_calls, from_parent_paths, pct) VALUES(229,169,2024,315,0,0);
INSERT INTO children(self_id, parent_id, from_parent_count, from_parent_calls, from_parent_paths, pct) VALUES(230,229,2024,315,0,0);
INSERT INTO children(self_id, parent_id, from_parent_count, from_parent_calls, from_parent_paths, pct) VALUES(231,230,1864,284,5,0);
INSERT INTO children(self_id, parent_id, from_parent_count, from_parent_calls, from_parent_paths, pct) VALUES(232,230,160,31,1,0);
INSERT INTO mainrows(id, symbol_id, self_count, cumulative_count, kids, self_calls, total_calls, self_paths, total_paths, pct) VALUES(233, 233, 46927240, 46927240, 6, 636440, 8912744, 34551, 34551, 0.0);
INSERT INTO mainrows(id, symbol_id, self_count, cumulative_count, kids, self_calls, total_calls, self_paths, total_paths, pct) VALUES(234, 234, 216, 216, 1, 47, 54, 1, 1, 0.0);
INSERT INTO mainrows(id, symbol_id, self_count, cumulative_count, kids, self_calls, total_calls, self_paths, total_paths, pct) VALUES(235, 235, 0, 0, 0, 0, 0, 0, 0, 0.0);
INSERT INTO mainrows(id, symbol_id, self_count, cumulative_count, kids, self_calls, total_calls, self_paths, total_paths, pct) VALUES(236, 236, 5280, 5280, 0, 0, 1320, 3, 3, 0.0);
INSERT INTO mainrows(id, symbol_id, self_count, cumulative_count, kids, self_calls, total_calls, self_paths, total_paths, pct) VALUES(237, 237, 2201484, 2201484, 4, 250274, 319825, 856, 856, 0.0);
INSERT INTO mainrows(id, symbol_id, self_count, cumulative_count, kids, self_calls, total_calls, self_paths, total_paths, pct) VALUES(238, 238, 1376768, 1376768, 2, 158822, 195652, 436, 436, 0.0);
INSERT INTO mainrows(id, symbol_id, self_count, cumulative_count, kids, self_calls, total_calls, self_paths, total_paths, pct) VALUES(239, 239, 688384, 688384, 10, 79462, 97826, 218, 218, 0.0);
INSERT INTO mainrows(id, symbol_id, self_count, cumulative_count, kids, self_calls, total_calls, self_paths, total_paths, pct) VALUES(240, 240, 0, 0, 0, 0, 0, 0, 0, 0.0);
INSERT INTO mainrows(id, symbol_id, self_count, cumulative_count, kids, self_calls, total_calls, self_paths, total_paths, pct) VALUES(241, 241, 91844, 91844, 0, 10990, 12721, 23, 23, 0.0);
INSERT INTO mainrows(id, symbol_id, self_count, cumulative_count, kids, self_calls, total_calls, self_paths, total_paths, pct) VALUES(242, 242, 91844, 91844, 0, 10991, 12721, 23, 23, 0.0);
INSERT INTO mainrows(id, symbol_id, self_count, cumulative_count, kids, self_calls, total_calls, self_paths, total_paths, pct) VALUES(243, 243, 91844, 91844, 0, 10963, 12721, 23, 23, 0.0);
INSERT INTO mainrows(id, symbol_id, self_count, cumulative_count, kids, self_calls, total_calls, self_paths, total_paths, pct) VALUES(244, 244, 76484, 76484, 0, 8968, 10801, 23, 23, 0.0);
INSERT INTO mainrows(id, symbol_id, self_count, cumulative_count, kids, self_calls, total_calls, self_paths, total_paths, pct) VALUES(245, 245, 76484, 76484, 0, 8977, 10801, 23, 23, 0.0);
INSERT INTO mainrows(id, symbol_id, self_count, cumulative_count, kids, self_calls, total_calls, self_paths, total_paths, pct) VALUES(246, 246, 76484, 76484, 0, 8930, 10801, 23, 23, 0.0);
INSERT INTO mainrows(id, symbol_id, self_count, cumulative_count, kids, self_calls, total_calls, self_paths, total_paths, pct) VALUES(247, 247, 61124, 61124, 0, 6815, 8881, 23, 23, 0.0);
INSERT INTO mainrows(id, symbol_id, self_count, cumulative_count, kids, self_calls, total_calls, self_paths, total_paths, pct) VALUES(248, 248, 61124, 61124, 0, 6902, 8881, 23, 23, 0.0);
INSERT INTO mainrows(id, symbol_id, self_count, cumulative_count, kids, self_calls, total_calls, self_paths, total_paths, pct) VALUES(249, 249, 50884, 50884, 0, 5605, 7601, 23, 23, 0.0);
INSERT INTO mainrows(id, symbol_id, self_count, cumulative_count, kids, self_calls, total_calls, self_paths, total_paths, pct) VALUES(250, 250, 688384, 688384, 10, 79360, 97826, 218, 218, 0.0);
INSERT INTO mainrows(id, symbol_id, self_count, cumulative_count, kids, self_calls, total_calls, self_paths, total_paths, pct) VALUES(251, 251, 0, 0, 0, 0, 0, 0, 0, 0.0);
INSERT INTO mainrows(id, symbol_id, self_count, cumulative_count, kids, self_calls, total_calls, self_paths, total_paths, pct) VALUES(252, 252, 91844, 91844, 0, 10956, 12721, 23, 23, 0.0);
INSERT INTO mainrows(id, symbol_id, self_count, cumulative_count, kids, self_calls, total_calls, self_paths, total_paths, pct) VALUES(253, 253, 91844, 91844, 0, 10965, 12721, 23, 23, 0.0);
INSERT INTO mainrows(id, symbol_id, self_count, cumulative_count, kids, self_calls, total_calls, self_paths, total_paths, pct) VALUES(254, 254, 91844, 91844, 0, 10983, 12721, 23, 23, 0.0);
INSERT INTO mainrows(id, symbol_id, self_count, cumulative_count, kids, self_calls, total_calls, self_paths, total_paths, pct) VALUES(255, 255, 76484, 76484, 0, 8945, 10801, 23, 23, 0.0);
INSERT INTO mainrows(id, symbol_id, self_count, cumulative_count, kids, self_calls, total_calls, self_paths, total_paths, pct) VALUES(256, 256, 76484, 76484, 0, 8944, 10801, 23, 23, 0.0);
INSERT INTO mainrows(id, symbol_id, self_count, cumulative_count, kids, self_calls, total_calls, self_paths, total_paths, pct) VALUES(257, 257, 76484, 76484, 0, 8874, 10801, 23, 23, 0.0);
INSERT INTO mainrows(id, symbol_id, self_count, cumulative_count, kids, self_calls, total_calls, self_paths, total_paths, pct) VALUES(258, 258, 61124, 61124, 0, 6865, 8881, 23, 23, 0.0);
INSERT INTO mainrows(id, symbol_id, self_count, cumulative_count, kids, self_calls, total_calls, self_paths, total_paths, pct) VALUES(259, 259, 61124, 61124, 0, 6901, 8881, 23, 23, 0.0);
INSERT INTO mainrows(id, symbol_id, self_count, cumulative_count, kids, self_calls, total_calls, self_paths, total_paths, pct) VALUES(260, 260, 50884, 50884, 0, 5596, 7601, 23, 23, 0.0);
INSERT INTO mainrows(id, symbol_id, self_count, cumulative_count, kids, self_calls, total_calls, self_paths, total_paths, pct) VALUES(261, 261, 231724, 231724, 5, 27417, 34029, 103, 103, 0.0);
INSERT INTO mainrows(id, symbol_id, self_count, cumulative_count, kids, self_calls, total_calls, self_paths, total_paths, pct) VALUES(262, 262, 0, 0, 0, 0, 0, 0, 0, 0.0);
INSERT INTO mainrows(id, symbol_id, self_count, cumulative_count, kids, self_calls, total_calls, self_paths, total_paths, pct) VALUES(263, 263, 57540, 57540, 0, 7425, 8433, 23, 23, 0.0);
INSERT INTO mainrows(id, symbol_id, self_count, cumulative_count, kids, self_calls, total_calls, self_paths, total_paths, pct) VALUES(264, 264, 69828, 69828, 0, 8601, 9969, 23, 23, 0.0);
INSERT INTO mainrows(id, symbol_id, self_count, cumulative_count, kids, self_calls, total_calls, self_paths, total_paths, pct) VALUES(265, 265, 43204, 43204, 0, 5130, 6385, 23, 23, 0.0);
INSERT INTO mainrows(id, symbol_id, self_count, cumulative_count, kids, self_calls, total_calls, self_paths, total_paths, pct) VALUES(266, 266, 50884, 50884, 0, 5952, 7345, 23, 23, 0.0);
INSERT INTO mainrows(id, symbol_id, self_count, cumulative_count, kids, self_calls, total_calls, self_paths, total_paths, pct) VALUES(267, 267, 187600, 187600, 2, 18759, 32120, 160, 160, 0.0);
INSERT INTO mainrows(id, symbol_id, self_count, cumulative_count, kids, self_calls, total_calls, self_paths, total_paths, pct) VALUES(268, 268, 93800, 93800, 4, 9439, 16060, 80, 80, 0.0);
INSERT INTO mainrows(id, symbol_id, self_count, cumulative_count, kids, self_calls, total_calls, self_paths, total_paths, pct) VALUES(269, 269, 0, 0, 0, 0, 0, 0, 0, 0.0);
INSERT INTO mainrows(id, symbol_id, self_count, cumulative_count, kids, self_calls, total_calls, self_paths, total_paths, pct) VALUES(270, 270, 27844, 27844, 0, 3008, 4721, 23, 23, 0.0);
INSERT INTO mainrows(id, symbol_id, self_count, cumulative_count, kids, self_calls, total_calls, self_paths, total_paths, pct) VALUES(271, 271, 27844, 27844, 0, 3078, 4721, 23, 23, 0.0);
INSERT INTO mainrows(id, symbol_id, self_count, cumulative_count, kids, self_calls, total_calls, self_paths, total_paths, pct) VALUES(272, 272, 27844, 27844, 0, 3090, 4721, 23, 23, 0.0);
INSERT INTO mainrows(id, symbol_id, self_count, cumulative_count, kids, self_calls, total_calls, self_paths, total_paths, pct) VALUES(273, 273, 93800, 93800, 3, 9320, 16060, 80, 80, 0.0);
INSERT INTO mainrows(id, symbol_id, self_count, cumulative_count, kids, self_calls, total_calls, self_paths, total_paths, pct) VALUES(274, 274, 27844, 27844, 0, 2966, 4721, 23, 23, 0.0);
INSERT INTO mainrows(id, symbol_id, self_count, cumulative_count, kids, self_calls, total_calls, self_paths, total_paths, pct) VALUES(275, 275, 27844, 27844, 0, 3027, 4721, 23, 23, 0.0);
INSERT INTO mainrows(id, symbol_id, self_count, cumulative_count, kids, self_calls, total_calls, self_paths, total_paths, pct) VALUES(276, 276, 27844, 27844, 0, 3084, 4721, 23, 23, 0.0);
INSERT INTO mainrows(id, symbol_id, self_count, cumulative_count, kids, self_calls, total_calls, self_paths, total_paths, pct) VALUES(277, 277, 398004, 398004, 7, 45149, 56783, 149, 149, 0.0);
INSERT INTO mainrows(id, symbol_id, self_count, cumulative_count, kids, self_calls, total_calls, self_paths, total_paths, pct) VALUES(278, 278, 0, 0, 0, 0, 0, 0, 0, 0.0);
INSERT INTO mainrows(id, symbol_id, self_count, cumulative_count, kids, self_calls, total_calls, self_paths, total_paths, pct) VALUES(279, 279, 73924, 73924, 0, 9054, 10225, 23, 23, 0.0);
INSERT INTO mainrows(id, symbol_id, self_count, cumulative_count, kids, self_calls, total_calls, self_paths, total_paths, pct) VALUES(280, 280, 83140, 83140, 0, 10050, 11377, 23, 23, 0.0);
INSERT INTO mainrows(id, symbol_id, self_count, cumulative_count, kids, self_calls, total_calls, self_paths, total_paths, pct) VALUES(281, 281, 49348, 49348, 0, 5681, 7153, 23, 23, 0.0);
INSERT INTO mainrows(id, symbol_id, self_count, cumulative_count, kids, self_calls, total_calls, self_paths, total_paths, pct) VALUES(282, 282, 53956, 53956, 0, 6095, 7729, 23, 23, 0.0);
INSERT INTO mainrows(id, symbol_id, self_count, cumulative_count, kids, self_calls, total_calls, self_paths, total_paths, pct) VALUES(283, 283, 60612, 60612, 0, 6680, 8817, 23, 23, 0.0);
INSERT INTO mainrows(id, symbol_id, self_count, cumulative_count, kids, self_calls, total_calls, self_paths, total_paths, pct) VALUES(284, 284, 66756, 66756, 0, 7269, 9585, 23, 23, 0.0);
INSERT INTO mainrows(id, symbol_id, self_count, cumulative_count, kids, self_calls, total_calls, self_paths, total_paths, pct) VALUES(285, 285, 418956, 418956, 1, 84360, 100539, 41, 41, 0.0);
INSERT INTO mainrows(id, symbol_id, self_count, cumulative_count, kids, self_calls, total_calls, self_paths, total_paths, pct) VALUES(286, 286, 418956, 418956, 6, 84360, 100539, 41, 41, 0.0);
INSERT INTO mainrows(id, symbol_id, self_count, cumulative_count, kids, self_calls, total_calls, self_paths, total_paths, pct) VALUES(287, 287, 2000, 2000, 0, 4, 500, 2, 2, 0.0);
INSERT INTO mainrows(id, symbol_id, self_count, cumulative_count, kids, self_calls, total_calls, self_paths, total_paths, pct) VALUES(288, 288, 20796, 20796, 2, 7, 5199, 13, 13, 0.0);
INSERT INTO mainrows(id, symbol_id, self_count, cumulative_count, kids, self_calls, total_calls, self_paths, total_paths, pct) VALUES(289, 289, 8464, 8464, 0, 0, 2116, 6, 6, 0.0);
INSERT INTO mainrows(id, symbol_id, self_count, cumulative_count, kids, self_calls, total_calls, self_paths, total_paths, pct) VALUES(290, 290, 7040, 7040, 0, 4, 1760, 4, 4, 0.0);
INSERT INTO mainrows(id, symbol_id, self_count, cumulative_count, kids, self_calls, total_calls, self_paths, total_paths, pct) VALUES(291, 291, 12336, 12336, 1, 5, 3084, 7, 7, 0.0);
INSERT INTO mainrows(id, symbol_id, self_count, cumulative_count, kids, self_calls, total_calls, self_paths, total_paths, pct) VALUES(292, 292, 5280, 5280, 0, 1, 1320, 3, 3, 0.0);
INSERT INTO mainrows(id, symbol_id, self_count, cumulative_count, kids, self_calls, total_calls, self_paths, total_paths, pct) VALUES(293, 293, 8520, 8520, 1, 35, 2130, 7, 7, 0.0);
INSERT INTO mainrows(id, symbol_id, self_count, cumulative_count, kids, self_calls, total_calls, self_paths, total_paths, pct) VALUES(294, 294, 3520, 3520, 0, 28, 880, 2, 2, 0.0);
INSERT INTO mainrows(id, symbol_id, self_count, cumulative_count, kids, self_calls, total_calls, self_paths, total_paths, pct) VALUES(295, 295, 24, 24, 0, 5, 6, 1, 1, 0.0);
INSERT INTO mainrows(id, symbol_id, self_count, cumulative_count, kids, self_calls, total_calls, self_paths, total_paths, pct) VALUES(296, 296, 33600, 33600, 3, 12, 4200, 7, 7, 0.0);
INSERT INTO mainrows(id, symbol_id, self_count, cumulative_count, kids, self_calls, total_calls, self_paths, total_paths, pct) VALUES(297, 297, 9600, 9600, 0, 4, 1200, 2, 2, 0.0);
INSERT INTO mainrows(id, symbol_id, self_count, cumulative_count, kids, self_calls, total_calls, self_paths, total_paths, pct) VALUES(298, 298, 4800, 4800, 0, 2, 600, 1, 1, 0.0);
INSERT INTO mainrows(id, symbol_id, self_count, cumulative_count, kids, self_calls, total_calls, self_paths, total_paths, pct) VALUES(299, 299, 9600, 9600, 0, 2, 1200, 2, 2, 0.0);
INSERT INTO mainrows(id, symbol_id, self_count, cumulative_count, kids, self_calls, total_calls, self_paths, total_paths, pct) VALUES(300, 300, 33556120, 33556120, 0, 204252, 6422182, 25610, 25610, 0.0);
INSERT INTO mainrows(id, symbol_id, self_count, cumulative_count, kids, self_calls, total_calls, self_paths, total_paths, pct) VALUES(301, 301, 10745184, 10745184, 0, 97507, 2068824, 8040, 8040, 0.0);
INSERT INTO parents(self_id, child_id, to_child_count, to_child_calls, to_child_paths, pct) VALUES(10,233,0,0,0,0);
INSERT INTO parents(self_id, child_id, to_child_count, to_child_calls, to_child_paths, pct) VALUES(233,234,216,54,1,0);
INSERT INTO parents(self_id, child_id, to_child_count, to_child_calls, to_child_paths, pct) VALUES(234,235,0,0,0,0);
INSERT INTO parents(self_id, child_id, to_child_count, to_child_calls, to_child_paths, pct) VALUES(233,236,5280,1320,3,0);
INSERT INTO parents(self_id, child_id, to_child_count, to_child_calls, to_child_paths, pct) VALUES(233,237,7388,1241,8,0);
INSERT INTO parents(self_id, child_id, to_child_count, to_child_calls, to_child_paths, pct) VALUES(237,238,0,0,0,0);
INSERT INTO parents(self_id, child_id, to_child_count, to_child_calls, to_child_paths, pct) VALUES(238,239,10268,1897,11,0);
INSERT INTO parents(self_id, child_id, to_child_count, to_child_calls, to_child_paths, pct) VALUES(239,240,0,0,0,0);
INSERT INTO parents(self_id, child_id, to_child_count, to_child_calls, to_child_paths, pct) VALUES(239,241,91844,12721,23,0);
INSERT INTO parents(self_id, child_id, to_child_count, to_child_calls, to_child_paths, pct) VALUES(239,242,91844,12721,23,0);
INSERT INTO parents(self_id, child_id, to_child_count, to_child_calls, to_child_paths, pct) VALUES(239,243,91844,12721,23,0);
INSERT INTO parents(self_id, child_id, to_child_count, to_child_calls, to_child_paths, pct) VALUES(239,244,76484,10801,23,0);
INSERT INTO parents(self_id, child_id, to_child_count, to_child_calls, to_child_paths, pct) VALUES(239,245,76484,10801,23,0);
INSERT INTO parents(self_id, child_id, to_child_count, to_child_calls, to_child_paths, pct) VALUES(239,246,76484,10801,23,0);
INSERT INTO parents(self_id, child_id, to_child_count, to_child_calls, to_child_paths, pct) VALUES(239,247,61124,8881,23,0);
INSERT INTO parents(self_id, child_id, to_child_count, to_child_calls, to_child_paths, pct) VALUES(239,248,61124,8881,23,0);
INSERT INTO parents(self_id, child_id, to_child_count, to_child_calls, to_child_paths, pct) VALUES(239,249,50884,7601,23,0);
INSERT INTO parents(self_id, child_id, to_child_count, to_child_calls, to_child_paths, pct) VALUES(238,250,10268,1897,11,0);
INSERT INTO parents(self_id, child_id, to_child_count, to_child_calls, to_child_paths, pct) VALUES(250,251,0,0,0,0);
INSERT INTO parents(self_id, child_id, to_child_count, to_child_calls, to_child_paths, pct) VALUES(250,252,91844,12721,23,0);
INSERT INTO parents(self_id, child_id, to_child_count, to_child_calls, to_child_paths, pct) VALUES(250,253,91844,12721,23,0);
INSERT INTO parents(self_id, child_id, to_child_count, to_child_calls, to_child_paths, pct) VALUES(250,254,91844,12721,23,0);
INSERT INTO parents(self_id, child_id, to_child_count, to_child_calls, to_child_paths, pct) VALUES(250,255,76484,10801,23,0);
INSERT INTO parents(self_id, child_id, to_child_count, to_child_calls, to_child_paths, pct) VALUES(250,256,76484,10801,23,0);
INSERT INTO parents(self_id, child_id, to_child_count, to_child_calls, to_child_paths, pct) VALUES(250,257,76484,10801,23,0);
INSERT INTO parents(self_id, child_id, to_child_count, to_child_calls, to_child_paths, pct) VALUES(250,258,61124,8881,23,0);
INSERT INTO parents(self_id, child_id, to_child_count, to_child_calls, to_child_paths, pct) VALUES(250,259,61124,8881,23,0);
INSERT INTO parents(self_id, child_id, to_child_count, to_child_calls, to_child_paths, pct) VALUES(250,260,50884,7601,23,0);
INSERT INTO parents(self_id, child_id, to_child_count, to_child_calls, to_child_paths, pct) VALUES(237,261,10268,1897,11,0);
INSERT INTO parents(self_id, child_id, to_child_count, to_child_calls, to_child_paths, pct) VALUES(261,262,0,0,0,0);
INSERT INTO parents(self_id, child_id, to_child_count, to_child_calls, to_child_paths, pct) VALUES(261,263,57540,8433,23,0);
INSERT INTO parents(self_id, child_id, to_child_count, to_child_calls, to_child_paths, pct) VALUES(261,264,69828,9969,23,0);
INSERT INTO parents(self_id, child_id, to_child_count, to_child_calls, to_child_paths, pct) VALUES(261,265,43204,6385,23,0);
INSERT INTO parents(self_id, child_id, to_child_count, to_child_calls, to_child_paths, pct) VALUES(261,266,50884,7345,23,0);
INSERT INTO parents(self_id, child_id, to_child_count, to_child_calls, to_child_paths, pct) VALUES(237,267,0,0,0,0);
INSERT INTO parents(self_id, child_id, to_child_count, to_child_calls, to_child_paths, pct) VALUES(267,268,10268,1897,11,0);
INSERT INTO parents(self_id, child_id, to_child_count, to_child_calls, to_child_paths, pct) VALUES(268,269,0,0,0,0);
INSERT INTO parents(self_id, child_id, to_child_count, to_child_calls, to_child_paths, pct) VALUES(268,270,27844,4721,23,0);
INSERT INTO parents(self_id, child_id, to_child_count, to_child_calls, to_child_paths, pct) VALUES(268,271,27844,4721,23,0);
INSERT INTO parents(self_id, child_id, to_child_count, to_child_calls, to_child_paths, pct) VALUES(268,272,27844,4721,23,0);
INSERT INTO parents(self_id, child_id, to_child_count, to_child_calls, to_child_paths, pct) VALUES(267,273,10268,1897,11,0);
INSERT INTO parents(self_id, child_id, to_child_count, to_child_calls, to_child_paths, pct) VALUES(273,274,27844,4721,23,0);
INSERT INTO parents(self_id, child_id, to_child_count, to_child_calls, to_child_paths, pct) VALUES(273,275,27844,4721,23,0);
INSERT INTO parents(self_id, child_id, to_child_count, to_child_calls, to_child_paths, pct) VALUES(273,276,27844,4721,23,0);
INSERT INTO parents(self_id, child_id, to_child_count, to_child_calls, to_child_paths, pct) VALUES(237,277,10268,1897,11,0);
INSERT INTO parents(self_id, child_id, to_child_count, to_child_calls, to_child_paths, pct) VALUES(277,278,0,0,0,0);
INSERT INTO parents(self_id, child_id, to_child_count, to_child_calls, to_child_paths, pct) VALUES(277,279,73924,10225,23,0);
INSERT INTO parents(self_id, child_id, to_child_count, to_child_calls, to_child_paths, pct) VALUES(277,280,83140,11377,23,0);
INSERT INTO parents(self_id, child_id, to_child_count, to_child_calls, to_child_paths, pct) VALUES(277,281,49348,7153,23,0);
INSERT INTO parents(self_id, child_id, to_child_count, to_child_calls, to_child_paths, pct) VALUES(277,282,53956,7729,23,0);
INSERT INTO parents(self_id, child_id, to_child_count, to_child_calls, to_child_paths, pct) VALUES(277,283,60612,8817,23,0);
INSERT INTO parents(self_id, child_id, to_child_count, to_child_calls, to_child_paths, pct) VALUES(277,284,66756,9585,23,0);
INSERT INTO parents(self_id, child_id, to_child_count, to_child_calls, to_child_paths, pct) VALUES(233,285,0,0,0,0);
INSERT INTO parents(self_id, child_id, to_child_count, to_child_calls, to_child_paths, pct) VALUES(285,286,341680,85420,4,0);
INSERT INTO parents(self_id, child_id, to_child_count, to_child_calls, to_child_paths, pct) VALUES(286,287,2000,500,2,0);
INSERT INTO parents(self_id, child_id, to_child_count, to_child_calls, to_child_paths, pct) VALUES(286,288,5292,1323,3,0);
INSERT INTO parents(self_id, child_id, to_child_count, to_child_calls, to_child_paths, pct) VALUES(288,289,8464,2116,6,0);
INSERT INTO parents(self_id, child_id, to_child_count, to_child_calls, to_child_paths, pct) VALUES(288,290,7040,1760,4,0);
INSERT INTO parents(self_id, child_id, to_child_count, to_child_calls, to_child_paths, pct) VALUES(286,291,7056,1764,4,0);
INSERT INTO parents(self_id, child_id, to_child_count, to_child_calls, to_child_paths, pct) VALUES(291,292,5280,1320,3,0);
INSERT INTO parents(self_id, child_id, to_child_count, to_child_calls, to_child_paths, pct) VALUES(286,293,5000,1250,5,0);
INSERT INTO parents(self_id, child_id, to_child_count, to_child_calls, to_child_paths, pct) VALUES(293,294,3520,880,2,0);
INSERT INTO parents(self_id, child_id, to_child_count, to_child_calls, to_child_paths, pct) VALUES(286,295,24,6,1,0);
INSERT INTO parents(self_id, child_id, to_child_count, to_child_calls, to_child_paths, pct) VALUES(286,296,9600,1200,2,0);
INSERT INTO parents(self_id, child_id, to_child_count, to_child_calls, to_child_paths, pct) VALUES(296,297,9600,1200,2,0);
INSERT INTO parents(self_id, child_id, to_child_count, to_child_calls, to_child_paths, pct) VALUES(296,298,4800,600,1,0);
INSERT INTO parents(self_id, child_id, to_child_count, to_child_calls, to_child_paths, pct) VALUES(296,299,9600,1200,2,0);
INSERT INTO parents(self_id, child_id, to_child_count, to_child_calls, to_child_paths, pct) VALUES(233,300,33556120,6422182,25610,0);
INSERT INTO parents(self_id, child_id, to_child_count, to_child_calls, to_child_paths, pct) VALUES(233,301,10745184,2068824,8040,0);
INSERT INTO children(self_id, parent_id, from_parent_count, from_parent_calls, from_parent_paths, pct) VALUES(233,10,46927240,636440,0,0);
INSERT INTO children(self_id, parent_id, from_parent_count, from_parent_calls, from_parent_paths, pct) VALUES(234,233,216,47,1,0);
INSERT INTO children(self_id, parent_id, from_parent_count, from_parent_calls, from_parent_paths, pct) VALUES(235,234,0,0,0,0);
INSERT INTO children(self_id, parent_id, from_parent_count, from_parent_calls, from_parent_paths, pct) VALUES(236,233,5280,0,3,0);
INSERT INTO children(self_id, parent_id, from_parent_count, from_parent_calls, from_parent_paths, pct) VALUES(237,233,2201484,250274,8,0);
INSERT INTO children(self_id, parent_id, from_parent_count, from_parent_calls, from_parent_paths, pct) VALUES(238,237,1376768,158822,0,0);
INSERT INTO children(self_id, parent_id, from_parent_count, from_parent_calls, from_parent_paths, pct) VALUES(239,238,688384,79462,11,0);
INSERT INTO children(self_id, parent_id, from_parent_count, from_parent_calls, from_parent_paths, pct) VALUES(240,239,0,0,0,0);
INSERT INTO children(self_id, parent_id, from_parent_count, from_parent_calls, from_parent_paths, pct) VALUES(241,239,91844,10990,23,0);
INSERT INTO children(self_id, parent_id, from_parent_count, from_parent_calls, from_parent_paths, pct) VALUES(242,239,91844,10991,23,0);
INSERT INTO children(self_id, parent_id, from_parent_count, from_parent_calls, from_parent_paths, pct) VALUES(243,239,91844,10963,23,0);
INSERT INTO children(self_id, parent_id, from_parent_count, from_parent_calls, from_parent_paths, pct) VALUES(244,239,76484,8968,23,0);
INSERT INTO children(self_id, parent_id, from_parent_count, from_parent_calls, from_parent_paths, pct) VALUES(245,239,76484,8977,23,0);
INSERT INTO children(self_id, parent_id, from_parent_count, from_parent_calls, from_parent_paths, pct) VALUES(246,239,76484,8930,23,0);
INSERT INTO children(self_id, parent_id, from_parent_count, from_parent_calls, from_parent_paths, pct) VALUES(247,239,61124,6815,23,0);
INSERT INTO children(self_id, parent_id, from_parent_count, from_parent_calls, from_parent_paths, pct) VALUES(248,239,61124,6902,23,0);
INSERT INTO children(self_id, parent_id, from_parent_count, from_parent_calls, from_parent_paths, pct) VALUES(249,239,50884,5605,23,0);
INSERT INTO children(self_id, parent_id, from_parent_count, from_parent_calls, from_parent_paths, pct) VALUES(250,238,688384,79360,11,0);
INSERT INTO children(self_id, parent_id, from_parent_count, from_parent_calls, from_parent_paths, pct) VALUES(251,250,0,0,0,0);
INSERT INTO children(self_id, parent_id, from_parent_count, from_parent_calls, from_parent_paths, pct) VALUES(252,250,91844,10956,23,0);
INSERT INTO children(self_id, parent_id, from_parent_count, from_parent_calls, from_parent_paths, pct) VALUES(253,250,91844,10965,23,0);
INSERT INTO children(self_id, parent_id, from_parent_count, from_parent_calls, from_parent_paths, pct) VALUES(254,250,91844,10983,23,0);
INSERT INTO children(self_id, parent_id, from_parent_count, from_parent_calls, from_parent_paths, pct) VALUES(255,250,76484,8945,23,0);
INSERT INTO children(self_id, parent_id, from_parent_count, from_parent_calls, from_parent_paths, pct) VALUES(256,250,76484,8944,23,0);
INSERT INTO children(self_id, parent_id, from_parent_count, from_parent_calls, from_parent_paths, pct) VALUES(257,250,76484,8874,23,0);
INSERT INTO children(self_id, parent_id, from_parent_count, from_parent_calls, from_parent_paths, pct) VALUES(258,250,61124,6865,23,0);
INSERT INTO children(self_id, parent_id, from_parent_count, from_parent_calls, from_parent_paths, pct) VALUES(259,250,61124,6901,23,0);
INSERT INTO children(self_id, parent_id, from_parent_count, from_parent_calls, from_parent_paths, pct) VALUES(260,250,50884,5596,23,0);
INSERT INTO children(self_id, parent_id, from_parent_count, from_parent_calls, from_parent_paths, pct) VALUES(261,237,231724,27417,11,0);
INSERT INTO children(self_id, parent_id, from_parent_count, from_parent_calls, from_parent_paths, pct) VALUES(262,261,0,0,0,0);
INSERT INTO children(self_id, parent_id, from_parent_count, from_parent_calls, from_parent_paths, pct) VALUES(263,261,57540,7425,23,0);
INSERT INTO children(self_id, parent_id, from_parent_count, from_parent_calls, from_parent_paths, pct) VALUES(264,261,69828,8601,23,0);
INSERT INTO children(self_id, parent_id, from_parent_count, from_parent_calls, from_parent_paths, pct) VALUES(265,261,43204,5130,23,0);
INSERT INTO children(self_id, parent_id, from_parent_count, from_parent_calls, from_parent_paths, pct) VALUES(266,261,50884,5952,23,0);
INSERT INTO children(self_id, parent_id, from_parent_count, from_parent_calls, from_parent_paths, pct) VALUES(267,237,187600,18759,0,0);
INSERT INTO children(self_id, parent_id, from_parent_count, from_parent_calls, from_parent_paths, pct) VALUES(268,267,93800,9439,11,0);
INSERT INTO children(self_id, parent_id, from_parent_count, from_parent_calls, from_parent_paths, pct) VALUES(269,268,0,0,0,0);
INSERT INTO children(self_id, parent_id, from_parent_count, from_parent_calls, from_parent_paths, pct) VALUES(270,268,27844,3008,23,0);
INSERT INTO children(self_id, parent_id, from_parent_count, from_parent_calls, from_parent_paths, pct) VALUES(271,268,27844,3078,23,0);
INSERT INTO children(self_id, parent_id, from_parent_count, from_parent_calls, from_parent_paths, pct) VALUES(272,268,27844,3090,23,0);
INSERT INTO children(self_id, parent_id, from_parent_count, from_parent_calls, from_parent_paths, pct) VALUES(273,267,93800,9320,11,0);
INSERT INTO children(self_id, parent_id, from_parent_count, from_parent_calls, from_parent_paths, pct) VALUES(274,273,27844,2966,23,0);
INSERT INTO children(self_id, parent_id, from_parent_count, from_parent_calls, from_parent_paths, pct) VALUES(275,273,27844,3027,23,0);
INSERT INTO children(self_id, parent_id, from_parent_count, from_parent_calls, from_parent_paths, pct) VALUES(276,273,27844,3084,23,0);
INSERT INTO children(self_id, parent_id, from_parent_count, from_parent_calls, from_parent_paths, pct) VALUES(277,237,398004,45149,11,0);
INSERT INTO children(self_id, parent_id, from_parent_count, from_parent_calls, from_parent_paths, pct) VALUES(278,277,0,0,0,0);
INSERT INTO children(self_id, parent_id, from_parent_count, from_parent_calls, from_parent_paths, pct) VALUES(279,277,73924,9054,23,0);
INSERT INTO children(self_id, parent_id, from_parent_count, from_parent_calls, from_parent_paths, pct) VALUES(280,277,83140,10050,23,0);
INSERT INTO children(self_id, parent_id, from_parent_count, from_parent_calls, from_parent_paths, pct) VALUES(281,277,49348,5681,23,0);
INSERT INTO children(self_id, parent_id, from_parent_count, from_parent_calls, from_parent_paths, pct) VALUES(282,277,53956,6095,23,0);
INSERT INTO children(self_id, parent_id, from_parent_count, from_parent_calls, from_parent_paths, pct) VALUES(283,277,60612,6680,23,0);
INSERT INTO children(self_id, parent_id, from_parent_count, from_parent_calls, from_parent_paths, pct) VALUES(284,277,66756,7269,23,0);
INSERT INTO children(self_id, parent_id, from_parent_count, from_parent_calls, from_parent_paths, pct) VALUES(285,233,418956,84360,0,0);
INSERT INTO children(self_id, parent_id, from_parent_count, from_parent_calls, from_parent_paths, pct) VALUES(286,285,418956,84360,4,0);
INSERT INTO children(self_id, parent_id, from_parent_count, from_parent_calls, from_parent_paths, pct) VALUES(287,286,2000,4,2,0);
INSERT INTO children(self_id, parent_id, from_parent_count, from_parent_calls, from_parent_paths, pct) VALUES(288,286,20796,7,3,0);
INSERT INTO children(self_id, parent_id, from_parent_count, from_parent_calls, from_parent_paths, pct) VALUES(289,288,8464,0,6,0);
INSERT INTO children(self_id, parent_id, from_parent_count, from_parent_calls, from_parent_paths, pct) VALUES(290,288,7040,4,4,0);
INSERT INTO children(self_id, parent_id, from_parent_count, from_parent_calls, from_parent_paths, pct) VALUES(291,286,12336,5,4,0);
INSERT INTO children(self_id, parent_id, from_parent_count, from_parent_calls, from_parent_paths, pct) VALUES(292,291,5280,1,3,0);
INSERT INTO children(self_id, parent_id, from_parent_count, from_parent_calls, from_parent_paths, pct) VALUES(293,286,8520,35,5,0);
INSERT INTO children(self_id, parent_id, from_parent_count, from_parent_calls, from_parent_paths, pct) VALUES(294,293,3520,28,2,0);
INSERT INTO children(self_id, parent_id, from_parent_count, from_parent_calls, from_parent_paths, pct) VALUES(295,286,24,5,1,0);
INSERT INTO children(self_id, parent_id, from_parent_count, from_parent_calls, from_parent_paths, pct) VALUES(296,286,33600,12,2,0);
INSERT INTO children(self_id, parent_id, from_parent_count, from_parent_calls, from_parent_paths, pct) VALUES(297,296,9600,4,2,0);
INSERT INTO children(self_id, parent_id, from_parent_count, from_parent_calls, from_parent_paths, pct) VALUES(298,296,4800,2,1,0);
INSERT INTO children(self_id, parent_id, from_parent_count, from_parent_calls, from_parent_paths, pct) VALUES(299,296,9600,2,2,0);
INSERT INTO children(self_id, parent_id, from_parent_count, from_parent_calls, from_parent_paths, pct) VALUES(300,233,33556120,204252,25610,0);
INSERT INTO children(self_id, parent_id, from_parent_count, from_parent_calls, from_parent_paths, pct) VALUES(301,233,10745184,97507,8040,0);
INSERT INTO mainrows(id, symbol_id, self_count, cumulative_count, kids, self_calls, total_calls, self_paths, total_paths, pct) VALUES(302, 302, 5089716, 5089716, 4, 1235745, 1259487, 184, 184, 0.0);
INSERT INTO mainrows(id, symbol_id, self_count, cumulative_count, kids, self_calls, total_calls, self_paths, total_paths, pct) VALUES(303, 303, 12, 12, 1, 0, 3, 1, 1, 0.0);
INSERT INTO mainrows(id, symbol_id, self_count, cumulative_count, kids, self_calls, total_calls, self_paths, total_paths, pct) VALUES(304, 304, 0, 0, 0, 0, 0, 0, 0, 0.0);
INSERT INTO mainrows(id, symbol_id, self_count, cumulative_count, kids, self_calls, total_calls, self_paths, total_paths, pct) VALUES(305, 305, 424, 424, 0, 56, 106, 5, 5, 0.0);
INSERT INTO mainrows(id, symbol_id, self_count, cumulative_count, kids, self_calls, total_calls, self_paths, total_paths, pct) VALUES(306, 306, 5085188, 5085188, 4, 1235600, 1258355, 163, 163, 0.0);
INSERT INTO mainrows(id, symbol_id, self_count, cumulative_count, kids, self_calls, total_calls, self_paths, total_paths, pct) VALUES(307, 307, 80372, 80372, 1, 1183, 11291, 49, 49, 0.0);
INSERT INTO mainrows(id, symbol_id, self_count, cumulative_count, kids, self_calls, total_calls, self_paths, total_paths, pct) VALUES(308, 308, 51492, 51492, 0, 266, 6757, 15, 15, 0.0);
INSERT INTO mainrows(id, symbol_id, self_count, cumulative_count, kids, self_calls, total_calls, self_paths, total_paths, pct) VALUES(309, 309, 674456, 674456, 7, 162065, 164474, 54, 54, 0.0);
INSERT INTO mainrows(id, symbol_id, self_count, cumulative_count, kids, self_calls, total_calls, self_paths, total_paths, pct) VALUES(310, 310, 414560, 414560, 0, 101024, 101860, 9, 9, 0.0);
INSERT INTO mainrows(id, symbol_id, self_count, cumulative_count, kids, self_calls, total_calls, self_paths, total_paths, pct) VALUES(311, 311, 992, 992, 0, 127, 132, 6, 6, 0.0);
INSERT INTO mainrows(id, symbol_id, self_count, cumulative_count, kids, self_calls, total_calls, self_paths, total_paths, pct) VALUES(312, 312, 992, 992, 0, 102, 132, 6, 6, 0.0);
INSERT INTO mainrows(id, symbol_id, self_count, cumulative_count, kids, self_calls, total_calls, self_paths, total_paths, pct) VALUES(313, 313, 1088, 1088, 0, 133, 156, 6, 6, 0.0);
INSERT INTO mainrows(id, symbol_id, self_count, cumulative_count, kids, self_calls, total_calls, self_paths, total_paths, pct) VALUES(314, 314, 1012, 1012, 0, 121, 137, 6, 6, 0.0);
INSERT INTO mainrows(id, symbol_id, self_count, cumulative_count, kids, self_calls, total_calls, self_paths, total_paths, pct) VALUES(315, 315, 1012, 1012, 0, 116, 137, 6, 6, 0.0);
INSERT INTO mainrows(id, symbol_id, self_count, cumulative_count, kids, self_calls, total_calls, self_paths, total_paths, pct) VALUES(316, 316, 1028, 1028, 0, 118, 141, 6, 6, 0.0);
INSERT INTO mainrows(id, symbol_id, self_count, cumulative_count, kids, self_calls, total_calls, self_paths, total_paths, pct) VALUES(317, 317, 3920, 3920, 0, 74, 980, 6, 6, 0.0);
INSERT INTO mainrows(id, symbol_id, self_count, cumulative_count, kids, self_calls, total_calls, self_paths, total_paths, pct) VALUES(318, 318, 4326440, 4326440, 0, 1072278, 1081610, 54, 54, 0.0);
INSERT INTO mainrows(id, symbol_id, self_count, cumulative_count, kids, self_calls, total_calls, self_paths, total_paths, pct) VALUES(319, 319, 4092, 4092, 3, 89, 1023, 15, 15, 0.0);
INSERT INTO mainrows(id, symbol_id, self_count, cumulative_count, kids, self_calls, total_calls, self_paths, total_paths, pct) VALUES(320, 320, 1364, 1364, 0, 30, 341, 5, 5, 0.0);
INSERT INTO mainrows(id, symbol_id, self_count, cumulative_count, kids, self_calls, total_calls, self_paths, total_paths, pct) VALUES(321, 321, 1364, 1364, 0, 30, 341, 5, 5, 0.0);
INSERT INTO mainrows(id, symbol_id, self_count, cumulative_count, kids, self_calls, total_calls, self_paths, total_paths, pct) VALUES(322, 322, 1364, 1364, 0, 29, 341, 5, 5, 0.0);
INSERT INTO parents(self_id, child_id, to_child_count, to_child_calls, to_child_paths, pct) VALUES(10,302,0,0,0,0);
INSERT INTO parents(self_id, child_id, to_child_count, to_child_calls, to_child_paths, pct) VALUES(302,303,12,3,1,0);
INSERT INTO parents(self_id, child_id, to_child_count, to_child_calls, to_child_paths, pct) VALUES(303,304,0,0,0,0);
INSERT INTO parents(self_id, child_id, to_child_count, to_child_calls, to_child_paths, pct) VALUES(302,305,424,106,5,0);
INSERT INTO parents(self_id, child_id, to_child_count, to_child_calls, to_child_paths, pct) VALUES(302,306,0,0,0,0);
INSERT INTO parents(self_id, child_id, to_child_count, to_child_calls, to_child_paths, pct) VALUES(306,307,28880,4534,34,0);
INSERT INTO parents(self_id, child_id, to_child_count, to_child_calls, to_child_paths, pct) VALUES(307,308,51492,6757,15,0);
INSERT INTO parents(self_id, child_id, to_child_count, to_child_calls, to_child_paths, pct) VALUES(306,309,253772,61779,9,0);
INSERT INTO parents(self_id, child_id, to_child_count, to_child_calls, to_child_paths, pct) VALUES(309,310,414560,101860,9,0);
INSERT INTO parents(self_id, child_id, to_child_count, to_child_calls, to_child_paths, pct) VALUES(309,311,992,132,6,0);
INSERT INTO parents(self_id, child_id, to_child_count, to_child_calls, to_child_paths, pct) VALUES(309,312,992,132,6,0);
INSERT INTO parents(self_id, child_id, to_child_count, to_child_calls, to_child_paths, pct) VALUES(309,313,1088,156,6,0);
INSERT INTO parents(self_id, child_id, to_child_count, to_child_calls, to_child_paths, pct) VALUES(309,314,1012,137,6,0);
INSERT INTO parents(self_id, child_id, to_child_count, to_child_calls, to_child_paths, pct) VALUES(309,315,1012,137,6,0);
INSERT INTO parents(self_id, child_id, to_child_count, to_child_calls, to_child_paths, pct) VALUES(309,316,1028,141,6,0);
INSERT INTO parents(self_id, child_id, to_child_count, to_child_calls, to_child_paths, pct) VALUES(306,317,3920,980,6,0);
INSERT INTO parents(self_id, child_id, to_child_count, to_child_calls, to_child_paths, pct) VALUES(306,318,4326440,1081610,54,0);
INSERT INTO parents(self_id, child_id, to_child_count, to_child_calls, to_child_paths, pct) VALUES(302,319,0,0,0,0);
INSERT INTO parents(self_id, child_id, to_child_count, to_child_calls, to_child_paths, pct) VALUES(319,320,1364,341,5,0);
INSERT INTO parents(self_id, child_id, to_child_count, to_child_calls, to_child_paths, pct) VALUES(319,321,1364,341,5,0);
INSERT INTO parents(self_id, child_id, to_child_count, to_child_calls, to_child_paths, pct) VALUES(319,322,1364,341,5,0);
INSERT INTO children(self_id, parent_id, from_parent_count, from_parent_calls, from_parent_paths, pct) VALUES(302,10,5089716,1235745,0,0);
INSERT INTO children(self_id, parent_id, from_parent_count, from_parent_calls, from_parent_paths, pct) VALUES(303,302,12,0,1,0);
INSERT INTO children(self_id, parent_id, from_parent_count, from_parent_calls, from_parent_paths, pct) VALUES(304,303,0,0,0,0);
INSERT INTO children(self_id, parent_id, from_parent_count, from_parent_calls, from_parent_paths, pct) VALUES(305,302,424,56,5,0);
INSERT INTO children(self_id, parent_id, from_parent_count, from_parent_calls, from_parent_paths, pct) VALUES(306,302,5085188,1235600,0,0);
INSERT INTO children(self_id, parent_id, from_parent_count, from_parent_calls, from_parent_paths, pct) VALUES(307,306,80372,1183,34,0);
INSERT INTO children(self_id, parent_id, from_parent_count, from_parent_calls, from_parent_paths, pct) VALUES(308,307,51492,266,15,0);
INSERT INTO children(self_id, parent_id, from_parent_count, from_parent_calls, from_parent_paths, pct) VALUES(309,306,674456,162065,9,0);
INSERT INTO children(self_id, parent_id, from_parent_count, from_parent_calls, from_parent_paths, pct) VALUES(310,309,414560,101024,9,0);
INSERT INTO children(self_id, parent_id, from_parent_count, from_parent_calls, from_parent_paths, pct) VALUES(311,309,992,127,6,0);
INSERT INTO children(self_id, parent_id, from_parent_count, from_parent_calls, from_parent_paths, pct) VALUES(312,309,992,102,6,0);
INSERT INTO children(self_id, parent_id, from_parent_count, from_parent_calls, from_parent_paths, pct) VALUES(313,309,1088,133,6,0);
INSERT INTO children(self_id, parent_id, from_parent_count, from_parent_calls, from_parent_paths, pct) VALUES(314,309,1012,121,6,0);
INSERT INTO children(self_id, parent_id, from_parent_count, from_parent_calls, from_parent_paths, pct) VALUES(315,309,1012,116,6,0);
INSERT INTO children(self_id, parent_id, from_parent_count, from_parent_calls, from_parent_paths, pct) VALUES(316,309,1028,118,6,0);
INSERT INTO children(self_id, parent_id, from_parent_count, from_parent_calls, from_parent_paths, pct) VALUES(317,306,3920,74,6,0);
INSERT INTO children(self_id, parent_id, from_parent_count, from_parent_calls, from_parent_paths, pct) VALUES(318,306,4326440,1072278,54,0);
INSERT INTO children(self_id, parent_id, from_parent_count, from_parent_calls, from_parent_paths, pct) VALUES(319,302,4092,89,0,0);
INSERT INTO children(self_id, parent_id, from_parent_count, from_parent_calls, from_parent_paths, pct) VALUES(320,319,1364,30,5,0);
INSERT INTO children(self_id, parent_id, from_parent_count, from_parent_calls, from_parent_paths, pct) VALUES(321,319,1364,30,5,0);
INSERT INTO children(self_id, parent_id, from_parent_count, from_parent_calls, from_parent_paths, pct) VALUES(322,319,1364,29,5,0);

